id,sku,name,category,image,status
1,LAP-ASUS-L1,"Laptop ASUS Model-L1 Intel Core i5-13420H 16GB SSD 1TB",laptop,assets/images/products/placeholder-laptop.svg,placeholder_image
2,LAP-MSI-L2,"Laptop MSI Model-L2 Intel Core i7-14650HX 16GB SSD 1TB",laptop,assets/images/products/placeholder-laptop.svg,placeholder_image
3,LAP-ACER-L3,"Laptop Acer Model-L3 AMD Ryzen 7 8845HS 32GB SSD 1TB",laptop,assets/images/products/placeholder-laptop.svg,placeholder_image
4,LAP-LENOVO-L4,"Laptop Lenovo Model-L4 Apple M3 Pro 16GB SSD 1TB",laptop,assets/images/products/placeholder-laptop.svg,placeholder_image
5,LAP-HP-L5,"Laptop HP Model-L5 Intel Core Ultra 7 155H 16GB SSD 1TB",laptop,assets/images/products/placeholder-laptop.svg,placeholder_image
6,LAP-DELL-L6,"Laptop Dell Model-L6 Intel Core i5-13420H 32GB SSD 1TB",laptop,assets/images/products/placeholder-laptop.svg,placeholder_image
7,LAP-APPLE-L7,"Laptop Apple Model-L7 Intel Core i7-14650HX 16GB SSD 1TB",laptop,assets/images/products/placeholder-laptop.svg,placeholder_image
8,LAP-LG-L8,"Laptop LG Model-L8 AMD Ryzen 7 8845HS 16GB SSD 1TB",laptop,assets/images/products/placeholder-laptop.svg,placeholder_image
9,LAP-ASUS-L9,"Laptop ASUS Model-L9 Apple M3 Pro 32GB SSD 1TB",laptop,assets/images/products/placeholder-laptop.svg,placeholder_image
10,LAP-MSI-L10,"Laptop MSI Model-L10 Intel Core Ultra 7 155H 16GB SSD 1TB",laptop,assets/images/products/placeholder-laptop.svg,placeholder_image
11,LAP-ACER-L11,"Laptop Acer Model-L11 Intel Core i5-13420H 16GB SSD 1TB",laptop,assets/images/products/placeholder-laptop.svg,placeholder_image
12,LAP-LENOVO-L12,"Laptop Lenovo Model-L12 Intel Core i7-14650HX 32GB SSD 1TB",laptop,assets/images/products/placeholder-laptop.svg,placeholder_image
13,LAP-HP-L13,"Laptop HP Model-L13 AMD Ryzen 7 8845HS 16GB SSD 1TB",laptop,assets/images/products/placeholder-laptop.svg,placeholder_image
14,LAP-DELL-L14,"Laptop Dell Model-L14 Apple M3 Pro 16GB SSD 1TB",laptop,assets/images/products/placeholder-laptop.svg,placeholder_image
15,LAP-APPLE-L15,"Laptop Apple Model-L15 Intel Core Ultra 7 155H 32GB SSD 1TB",laptop,assets/images/products/placeholder-laptop.svg,placeholder_image
16,LAP-LG-L16,"Laptop LG Model-L16 Intel Core i5-13420H 16GB SSD 1TB",laptop,assets/images/products/placeholder-laptop.svg,placeholder_image
17,LAP-ASUS-L17,"Laptop ASUS Model-L17 Intel Core i7-14650HX 16GB SSD 1TB",laptop,assets/images/products/placeholder-laptop.svg,placeholder_image
18,LAP-MSI-L18,"Laptop MSI Model-L18 AMD Ryzen 7 8845HS 32GB SSD 1TB",laptop,assets/images/products/placeholder-laptop.svg,placeholder_image
19,LAP-ACER-L19,"Laptop Acer Model-L19 Apple M3 Pro 16GB SSD 1TB",laptop,assets/images/products/placeholder-laptop.svg,placeholder_image
20,LAP-LENOVO-L20,"Laptop Lenovo Model-L20 Intel Core Ultra 7 155H 16GB SSD 1TB",laptop,assets/images/products/placeholder-laptop.svg,placeholder_image
21,LAP-HP-L21,"Laptop HP Model-L21 Intel Core i5-13420H 32GB SSD 1TB",laptop,assets/images/products/placeholder-laptop.svg,placeholder_image
22,LAP-DELL-L22,"Laptop Dell Model-L22 Intel Core i7-14650HX 16GB SSD 1TB",laptop,assets/images/products/placeholder-laptop.svg,placeholder_image
23,LAP-APPLE-L23,"Laptop Apple Model-L23 AMD Ryzen 7 8845HS 16GB SSD 1TB",laptop,assets/images/products/placeholder-laptop.svg,placeholder_image
24,LAP-LG-L24,"Laptop LG Model-L24 Apple M3 Pro 32GB SSD 1TB",laptop,assets/images/products/placeholder-laptop.svg,placeholder_image
25,LAP-ASUS-L25,"Laptop ASUS Model-L25 Intel Core Ultra 7 155H 16GB SSD 1TB",laptop,assets/images/products/placeholder-laptop.svg,placeholder_image
26,LAP-MSI-L26,"Laptop MSI Model-L26 Intel Core i5-13420H 16GB SSD 1TB",laptop,assets/images/products/placeholder-laptop.svg,placeholder_image
27,LAP-ACER-L27,"Laptop Acer Model-L27 Intel Core i7-14650HX 32GB SSD 1TB",laptop,assets/images/products/placeholder-laptop.svg,placeholder_image
28,LAP-LENOVO-L28,"Laptop Lenovo Model-L28 AMD Ryzen 7 8845HS 16GB SSD 1TB",laptop,assets/images/products/placeholder-laptop.svg,placeholder_image
29,LAP-HP-L29,"Laptop HP Model-L29 Apple M3 Pro 16GB SSD 1TB",laptop,assets/images/products/placeholder-laptop.svg,placeholder_image
30,LAP-DELL-L30,"Laptop Dell Model-L30 Intel Core Ultra 7 155H 32GB SSD 1TB",laptop,assets/images/products/placeholder-laptop.svg,placeholder_image
31,LAP-APPLE-L31,"Laptop Apple Model-L31 Intel Core i5-13420H 16GB SSD 1TB",laptop,assets/images/products/placeholder-laptop.svg,placeholder_image
32,PC-TP-P1,"PC TechPilot Gaming P1 AMD Ryzen 5 7600X RTX 4070 Super 12GB 16GB",pc,assets/images/products/placeholder-pc.svg,placeholder_image
33,PC-TP-P2,"PC TechPilot Gaming P2 Intel Core i5-14400F RTX 4060 8GB 16GB",pc,assets/images/products/placeholder-pc.svg,placeholder_image
34,PC-TP-P3,"PC TechPilot Gaming P3 AMD Ryzen 5 7600X RTX 4070 Super 12GB 32GB",pc,assets/images/products/placeholder-pc.svg,placeholder_image
35,PC-TP-P4,"PC TechPilot Gaming P4 Intel Core i5-14400F RTX 4060 8GB 16GB",pc,assets/images/products/placeholder-pc.svg,placeholder_image
36,PC-TP-P5,"PC TechPilot Gaming P5 AMD Ryzen 5 7600X RTX 4070 Super 12GB 16GB",pc,assets/images/products/placeholder-pc.svg,placeholder_image
37,PC-TP-P6,"PC TechPilot Gaming P6 Intel Core i5-14400F RTX 4060 8GB 32GB",pc,assets/images/products/placeholder-pc.svg,placeholder_image
38,PC-TP-P7,"PC TechPilot Gaming P7 AMD Ryzen 5 7600X RTX 4070 Super 12GB 16GB",pc,assets/images/products/placeholder-pc.svg,placeholder_image
39,PC-TP-P8,"PC TechPilot Gaming P8 Intel Core i5-14400F RTX 4060 8GB 16GB",pc,assets/images/products/placeholder-pc.svg,placeholder_image
40,PC-TP-P9,"PC TechPilot Gaming P9 AMD Ryzen 5 7600X RTX 4070 Super 12GB 32GB",pc,assets/images/products/placeholder-pc.svg,placeholder_image
41,PC-TP-P10,"PC TechPilot Gaming P10 Intel Core i5-14400F RTX 4060 8GB 16GB",pc,assets/images/products/placeholder-pc.svg,placeholder_image
42,PC-TP-P11,"PC TechPilot Gaming P11 AMD Ryzen 5 7600X RTX 4070 Super 12GB 16GB",pc,assets/images/products/placeholder-pc.svg,placeholder_image
43,PC-TP-P12,"PC TechPilot Gaming P12 Intel Core i5-14400F RTX 4060 8GB 32GB",pc,assets/images/products/placeholder-pc.svg,placeholder_image
44,PC-TP-P13,"PC TechPilot Gaming P13 AMD Ryzen 5 7600X RTX 4070 Super 12GB 16GB",pc,assets/images/products/placeholder-pc.svg,placeholder_image
45,PC-TP-P14,"PC TechPilot Gaming P14 Intel Core i5-14400F RTX 4060 8GB 16GB",pc,assets/images/products/placeholder-pc.svg,placeholder_image
46,PC-TP-P15,"PC TechPilot Gaming P15 AMD Ryzen 5 7600X RTX 4070 Super 12GB 32GB",pc,assets/images/products/placeholder-pc.svg,placeholder_image
47,PC-TP-P16,"PC TechPilot Gaming P16 Intel Core i5-14400F RTX 4060 8GB 16GB",pc,assets/images/products/placeholder-pc.svg,placeholder_image
48,PC-TP-P17,"PC TechPilot Gaming P17 AMD Ryzen 5 7600X RTX 4070 Super 12GB 16GB",pc,assets/images/products/placeholder-pc.svg,placeholder_image
49,PC-TP-P18,"PC TechPilot Gaming P18 Intel Core i5-14400F RTX 4060 8GB 32GB",pc,assets/images/products/placeholder-pc.svg,placeholder_image
50,PC-TP-P19,"PC TechPilot Gaming P19 AMD Ryzen 5 7600X RTX 4070 Super 12GB 16GB",pc,assets/images/products/placeholder-pc.svg,placeholder_image
51,PC-TP-P20,"PC TechPilot Gaming P20 Intel Core i5-14400F RTX 4060 8GB 16GB",pc,assets/images/products/placeholder-pc.svg,placeholder_image
52,PC-TP-P21,"PC TechPilot Gaming P21 AMD Ryzen 5 7600X RTX 4070 Super 12GB 32GB",pc,assets/images/products/placeholder-pc.svg,placeholder_image
53,PC-TP-P22,"PC TechPilot Gaming P22 Intel Core i5-14400F RTX 4060 8GB 16GB",pc,assets/images/products/placeholder-pc.svg,placeholder_image
54,PC-TP-P23,"PC TechPilot Gaming P23 AMD Ryzen 5 7600X RTX 4070 Super 12GB 16GB",pc,assets/images/products/placeholder-pc.svg,placeholder_image
55,PC-TP-P24,"PC TechPilot Gaming P24 Intel Core i5-14400F RTX 4060 8GB 32GB",pc,assets/images/products/placeholder-pc.svg,placeholder_image
56,PC-TP-P25,"PC TechPilot Gaming P25 AMD Ryzen 5 7600X RTX 4070 Super 12GB 16GB",pc,assets/images/products/placeholder-pc.svg,placeholder_image
57,PC-TP-P26,"PC TechPilot Gaming P26 Intel Core i5-14400F RTX 4060 8GB 16GB",pc,assets/images/products/placeholder-pc.svg,placeholder_image
58,PC-TP-P27,"PC TechPilot Gaming P27 AMD Ryzen 5 7600X RTX 4070 Super 12GB 32GB",pc,assets/images/products/placeholder-pc.svg,placeholder_image
59,PC-TP-P28,"PC TechPilot Gaming P28 Intel Core i5-14400F RTX 4060 8GB 16GB",pc,assets/images/products/placeholder-pc.svg,placeholder_image
60,PC-TP-P29,"PC TechPilot Gaming P29 AMD Ryzen 5 7600X RTX 4070 Super 12GB 16GB",pc,assets/images/products/placeholder-pc.svg,placeholder_image
61,PC-TP-P30,"PC TechPilot Gaming P30 Intel Core i5-14400F RTX 4060 8GB 32GB",pc,assets/images/products/placeholder-pc.svg,placeholder_image
62,PC-TP-P31,"PC TechPilot Gaming P31 AMD Ryzen 5 7600X RTX 4070 Super 12GB 16GB",pc,assets/images/products/placeholder-pc.svg,placeholder_image
63,MON-ASUS-M1,"Màn hình ASUS Model-M1 27 inch 2560x1440 2K 144Hz",monitor,assets/images/products/placeholder-monitor.svg,placeholder_image
64,MON-LG-M2,"Màn hình LG Model-M2 27 inch 2560x1440 2K 180Hz",monitor,assets/images/products/placeholder-monitor.svg,placeholder_image
65,MON-SAMSUNG-M3,"Màn hình Samsung Model-M3 32 inch 3840x2160 4K 144Hz",monitor,assets/images/products/placeholder-monitor.svg,placeholder_image
66,MON-DELL-M4,"Màn hình Dell Model-M4 27 inch 2560x1440 2K 180Hz",monitor,assets/images/products/placeholder-monitor.svg,placeholder_image
67,MON-ACER-M5,"Màn hình Acer Model-M5 27 inch 2560x1440 2K 144Hz",monitor,assets/images/products/placeholder-monitor.svg,placeholder_image
68,MON-GIGABYTE-M6,"Màn hình Gigabyte Model-M6 32 inch 3840x2160 4K 180Hz",monitor,assets/images/products/placeholder-monitor.svg,placeholder_image
69,MON-AOC-M7,"Màn hình AOC Model-M7 27 inch 2560x1440 2K 144Hz",monitor,assets/images/products/placeholder-monitor.svg,placeholder_image
70,MON-VIEWSONIC-M8,"Màn hình ViewSonic Model-M8 27 inch 2560x1440 2K 180Hz",monitor,assets/images/products/placeholder-monitor.svg,placeholder_image
71,MON-ASUS-M9,"Màn hình ASUS Model-M9 32 inch 3840x2160 4K 144Hz",monitor,assets/images/products/placeholder-monitor.svg,placeholder_image
72,MON-LG-M10,"Màn hình LG Model-M10 27 inch 2560x1440 2K 180Hz",monitor,assets/images/products/placeholder-monitor.svg,placeholder_image
73,MON-SAMSUNG-M11,"Màn hình Samsung Model-M11 27 inch 2560x1440 2K 144Hz",monitor,assets/images/products/placeholder-monitor.svg,placeholder_image
74,MON-DELL-M12,"Màn hình Dell Model-M12 32 inch 3840x2160 4K 180Hz",monitor,assets/images/products/placeholder-monitor.svg,placeholder_image
75,MON-ACER-M13,"Màn hình Acer Model-M13 27 inch 2560x1440 2K 144Hz",monitor,assets/images/products/placeholder-monitor.svg,placeholder_image
76,MON-GIGABYTE-M14,"Màn hình Gigabyte Model-M14 27 inch 2560x1440 2K 180Hz",monitor,assets/images/products/placeholder-monitor.svg,placeholder_image
77,MON-AOC-M15,"Màn hình AOC Model-M15 32 inch 3840x2160 4K 144Hz",monitor,assets/images/products/placeholder-monitor.svg,placeholder_image
78,MON-VIEWSONIC-M16,"Màn hình ViewSonic Model-M16 27 inch 2560x1440 2K 180Hz",monitor,assets/images/products/placeholder-monitor.svg,placeholder_image
79,MON-ASUS-M17,"Màn hình ASUS Model-M17 27 inch 2560x1440 2K 144Hz",monitor,assets/images/products/placeholder-monitor.svg,placeholder_image
80,MON-LG-M18,"Màn hình LG Model-M18 32 inch 3840x2160 4K 180Hz",monitor,assets/images/products/placeholder-monitor.svg,placeholder_image
81,MON-SAMSUNG-M19,"Màn hình Samsung Model-M19 27 inch 2560x1440 2K 144Hz",monitor,assets/images/products/placeholder-monitor.svg,placeholder_image
82,MON-DELL-M20,"Màn hình Dell Model-M20 27 inch 2560x1440 2K 180Hz",monitor,assets/images/products/placeholder-monitor.svg,placeholder_image
83,MON-ACER-M21,"Màn hình Acer Model-M21 32 inch 3840x2160 4K 144Hz",monitor,assets/images/products/placeholder-monitor.svg,placeholder_image
84,MON-GIGABYTE-M22,"Màn hình Gigabyte Model-M22 27 inch 2560x1440 2K 180Hz",monitor,assets/images/products/placeholder-monitor.svg,placeholder_image
85,MON-AOC-M23,"Màn hình AOC Model-M23 27 inch 2560x1440 2K 144Hz",monitor,assets/images/products/placeholder-monitor.svg,placeholder_image
86,MON-VIEWSONIC-M24,"Màn hình ViewSonic Model-M24 32 inch 3840x2160 4K 180Hz",monitor,assets/images/products/placeholder-monitor.svg,placeholder_image
87,MON-ASUS-M25,"Màn hình ASUS Model-M25 27 inch 2560x1440 2K 144Hz",monitor,assets/images/products/placeholder-monitor.svg,placeholder_image
88,MON-LG-M26,"Màn hình LG Model-M26 27 inch 2560x1440 2K 180Hz",monitor,assets/images/products/placeholder-monitor.svg,placeholder_image
89,MON-SAMSUNG-M27,"Màn hình Samsung Model-M27 32 inch 3840x2160 4K 144Hz",monitor,assets/images/products/placeholder-monitor.svg,placeholder_image
90,MON-DELL-M28,"Màn hình Dell Model-M28 27 inch 2560x1440 2K 180Hz",monitor,assets/images/products/placeholder-monitor.svg,placeholder_image
91,MON-ACER-M29,"Màn hình Acer Model-M29 27 inch 2560x1440 2K 144Hz",monitor,assets/images/products/placeholder-monitor.svg,placeholder_image
92,MON-GIGABYTE-M30,"Màn hình Gigabyte Model-M30 32 inch 3840x2160 4K 180Hz",monitor,assets/images/products/placeholder-monitor.svg,placeholder_image
93,MON-AOC-M31,"Màn hình AOC Model-M31 27 inch 2560x1440 2K 144Hz",monitor,assets/images/products/placeholder-monitor.svg,placeholder_image
94,MB-ASUS-MB1,"Mainboard ASUS B650 Model-MB1 WiFi DDR5",mainboard,assets/images/products/placeholder-mainboard.svg,placeholder_image
95,MB-MSI-MB2,"Mainboard MSI B760 Model-MB2 WiFi DDR5",mainboard,assets/images/products/placeholder-mainboard.svg,placeholder_image
96,MB-GIGABYTE-MB3,"Mainboard Gigabyte B650 Model-MB3 WiFi DDR5",mainboard,assets/images/products/placeholder-mainboard.svg,placeholder_image
97,MB-ASROCK-MB4,"Mainboard ASRock B760 Model-MB4 WiFi DDR4",mainboard,assets/images/products/placeholder-mainboard.svg,placeholder_image
98,MB-ASUS-MB5,"Mainboard ASUS B650 Model-MB5 WiFi DDR5",mainboard,assets/images/products/placeholder-mainboard.svg,placeholder_image
99,MB-MSI-MB6,"Mainboard MSI B760 Model-MB6 WiFi DDR5",mainboard,assets/images/products/placeholder-mainboard.svg,placeholder_image
100,MB-GIGABYTE-MB7,"Mainboard Gigabyte B650 Model-MB7 WiFi DDR5",mainboard,assets/images/products/placeholder-mainboard.svg,placeholder_image
101,MB-ASROCK-MB8,"Mainboard ASRock B760 Model-MB8 WiFi DDR4",mainboard,assets/images/products/placeholder-mainboard.svg,placeholder_image
102,MB-ASUS-MB9,"Mainboard ASUS B650 Model-MB9 WiFi DDR5",mainboard,assets/images/products/placeholder-mainboard.svg,placeholder_image
103,MB-MSI-MB10,"Mainboard MSI B760 Model-MB10 WiFi DDR5",mainboard,assets/images/products/placeholder-mainboard.svg,placeholder_image
104,MB-GIGABYTE-MB11,"Mainboard Gigabyte B650 Model-MB11 WiFi DDR5",mainboard,assets/images/products/placeholder-mainboard.svg,placeholder_image
105,MB-ASROCK-MB12,"Mainboard ASRock B760 Model-MB12 WiFi DDR4",mainboard,assets/images/products/placeholder-mainboard.svg,placeholder_image
106,MB-ASUS-MB13,"Mainboard ASUS B650 Model-MB13 WiFi DDR5",mainboard,assets/images/products/placeholder-mainboard.svg,placeholder_image
107,MB-MSI-MB14,"Mainboard MSI B760 Model-MB14 WiFi DDR5",mainboard,assets/images/products/placeholder-mainboard.svg,placeholder_image
108,MB-GIGABYTE-MB15,"Mainboard Gigabyte B650 Model-MB15 WiFi DDR5",mainboard,assets/images/products/placeholder-mainboard.svg,placeholder_image
109,MB-ASROCK-MB16,"Mainboard ASRock B760 Model-MB16 WiFi DDR4",mainboard,assets/images/products/placeholder-mainboard.svg,placeholder_image
110,MB-ASUS-MB17,"Mainboard ASUS B650 Model-MB17 WiFi DDR5",mainboard,assets/images/products/placeholder-mainboard.svg,placeholder_image
111,MB-MSI-MB18,"Mainboard MSI B760 Model-MB18 WiFi DDR5",mainboard,assets/images/products/placeholder-mainboard.svg,placeholder_image
112,MB-GIGABYTE-MB19,"Mainboard Gigabyte B650 Model-MB19 WiFi DDR5",mainboard,assets/images/products/placeholder-mainboard.svg,placeholder_image
113,MB-ASROCK-MB20,"Mainboard ASRock B760 Model-MB20 WiFi DDR4",mainboard,assets/images/products/placeholder-mainboard.svg,placeholder_image
114,MB-ASUS-MB21,"Mainboard ASUS B650 Model-MB21 WiFi DDR5",mainboard,assets/images/products/placeholder-mainboard.svg,placeholder_image
115,MB-MSI-MB22,"Mainboard MSI B760 Model-MB22 WiFi DDR5",mainboard,assets/images/products/placeholder-mainboard.svg,placeholder_image
116,MB-GIGABYTE-MB23,"Mainboard Gigabyte B650 Model-MB23 WiFi DDR5",mainboard,assets/images/products/placeholder-mainboard.svg,placeholder_image
117,MB-ASROCK-MB24,"Mainboard ASRock B760 Model-MB24 WiFi DDR4",mainboard,assets/images/products/placeholder-mainboard.svg,placeholder_image
118,MB-ASUS-MB25,"Mainboard ASUS B650 Model-MB25 WiFi DDR5",mainboard,assets/images/products/placeholder-mainboard.svg,placeholder_image
119,MB-MSI-MB26,"Mainboard MSI B760 Model-MB26 WiFi DDR5",mainboard,assets/images/products/placeholder-mainboard.svg,placeholder_image
120,MB-GIGABYTE-MB27,"Mainboard Gigabyte B650 Model-MB27 WiFi DDR5",mainboard,assets/images/products/placeholder-mainboard.svg,placeholder_image
121,MB-ASROCK-MB28,"Mainboard ASRock B760 Model-MB28 WiFi DDR4",mainboard,assets/images/products/placeholder-mainboard.svg,placeholder_image
122,MB-ASUS-MB29,"Mainboard ASUS B650 Model-MB29 WiFi DDR5",mainboard,assets/images/products/placeholder-mainboard.svg,placeholder_image
123,MB-MSI-MB30,"Mainboard MSI B760 Model-MB30 WiFi DDR5",mainboard,assets/images/products/placeholder-mainboard.svg,placeholder_image
124,MB-GIGABYTE-MB31,"Mainboard Gigabyte B650 Model-MB31 WiFi DDR5",mainboard,assets/images/products/placeholder-mainboard.svg,placeholder_image
125,CPU-INTEL-C1,"CPU Intel Core i5-14400F-C1 Box",cpu,assets/images/products/placeholder-cpu.svg,placeholder_image
126,CPU-AMD-C2,"CPU AMD Ryzen 5 7600X-C2 Box",cpu,assets/images/products/placeholder-cpu.svg,placeholder_image
127,CPU-INTEL-C3,"CPU Intel Core i5-14400F-C3 Box",cpu,assets/images/products/placeholder-cpu.svg,placeholder_image
128,CPU-AMD-C4,"CPU AMD Ryzen 5 7600X-C4 Box",cpu,assets/images/products/placeholder-cpu.svg,placeholder_image
129,CPU-INTEL-C5,"CPU Intel Core i5-14400F-C5 Box",cpu,assets/images/products/placeholder-cpu.svg,placeholder_image
130,CPU-AMD-C6,"CPU AMD Ryzen 5 7600X-C6 Box",cpu,assets/images/products/placeholder-cpu.svg,placeholder_image
131,CPU-INTEL-C7,"CPU Intel Core i5-14400F-C7 Box",cpu,assets/images/products/placeholder-cpu.svg,placeholder_image
132,CPU-AMD-C8,"CPU AMD Ryzen 5 7600X-C8 Box",cpu,assets/images/products/placeholder-cpu.svg,placeholder_image
133,CPU-INTEL-C9,"CPU Intel Core i5-14400F-C9 Box",cpu,assets/images/products/placeholder-cpu.svg,placeholder_image
134,CPU-AMD-C10,"CPU AMD Ryzen 5 7600X-C10 Box",cpu,assets/images/products/placeholder-cpu.svg,placeholder_image
135,CPU-INTEL-C11,"CPU Intel Core i5-14400F-C11 Box",cpu,assets/images/products/placeholder-cpu.svg,placeholder_image
136,CPU-AMD-C12,"CPU AMD Ryzen 5 7600X-C12 Box",cpu,assets/images/products/placeholder-cpu.svg,placeholder_image
137,CPU-INTEL-C13,"CPU Intel Core i5-14400F-C13 Box",cpu,assets/images/products/placeholder-cpu.svg,placeholder_image
138,CPU-AMD-C14,"CPU AMD Ryzen 5 7600X-C14 Box",cpu,assets/images/products/placeholder-cpu.svg,placeholder_image
139,CPU-INTEL-C15,"CPU Intel Core i5-14400F-C15 Box",cpu,assets/images/products/placeholder-cpu.svg,placeholder_image
140,CPU-AMD-C16,"CPU AMD Ryzen 5 7600X-C16 Box",cpu,assets/images/products/placeholder-cpu.svg,placeholder_image
141,CPU-INTEL-C17,"CPU Intel Core i5-14400F-C17 Box",cpu,assets/images/products/placeholder-cpu.svg,placeholder_image
142,CPU-AMD-C18,"CPU AMD Ryzen 5 7600X-C18 Box",cpu,assets/images/products/placeholder-cpu.svg,placeholder_image
143,CPU-INTEL-C19,"CPU Intel Core i5-14400F-C19 Box",cpu,assets/images/products/placeholder-cpu.svg,placeholder_image
144,CPU-AMD-C20,"CPU AMD Ryzen 5 7600X-C20 Box",cpu,assets/images/products/placeholder-cpu.svg,placeholder_image
145,CPU-INTEL-C21,"CPU Intel Core i5-14400F-C21 Box",cpu,assets/images/products/placeholder-cpu.svg,placeholder_image
146,CPU-AMD-C22,"CPU AMD Ryzen 5 7600X-C22 Box",cpu,assets/images/products/placeholder-cpu.svg,placeholder_image
147,CPU-INTEL-C23,"CPU Intel Core i5-14400F-C23 Box",cpu,assets/images/products/placeholder-cpu.svg,placeholder_image
148,CPU-AMD-C24,"CPU AMD Ryzen 5 7600X-C24 Box",cpu,assets/images/products/placeholder-cpu.svg,placeholder_image
149,CPU-INTEL-C25,"CPU Intel Core i5-14400F-C25 Box",cpu,assets/images/products/placeholder-cpu.svg,placeholder_image
150,CPU-AMD-C26,"CPU AMD Ryzen 5 7600X-C26 Box",cpu,assets/images/products/placeholder-cpu.svg,placeholder_image
151,CPU-INTEL-C27,"CPU Intel Core i5-14400F-C27 Box",cpu,assets/images/products/placeholder-cpu.svg,placeholder_image
152,CPU-AMD-C28,"CPU AMD Ryzen 5 7600X-C28 Box",cpu,assets/images/products/placeholder-cpu.svg,placeholder_image
153,CPU-INTEL-C29,"CPU Intel Core i5-14400F-C29 Box",cpu,assets/images/products/placeholder-cpu.svg,placeholder_image
154,CPU-AMD-C30,"CPU AMD Ryzen 5 7600X-C30 Box",cpu,assets/images/products/placeholder-cpu.svg,placeholder_image
155,CPU-INTEL-C31,"CPU Intel Core i5-14400F-C31 Box",cpu,assets/images/products/placeholder-cpu.svg,placeholder_image
156,VGA-MSI-V1,"VGA MSI GeForce RTX 4060 Ventus-V1 12GB GDDR6X",vga,assets/images/products/placeholder-vga.svg,placeholder_image
157,VGA-ASUS-V2,"VGA ASUS GeForce RTX 4070 Super Ventus-V2 12GB GDDR6X",vga,assets/images/products/placeholder-vga.svg,placeholder_image
158,VGA-GIGABYTE-V3,"VGA Gigabyte GeForce RTX 4060 Ventus-V3 16GB GDDR6X",vga,assets/images/products/placeholder-vga.svg,placeholder_image
159,VGA-ZOTAC-V4,"VGA Zotac GeForce RTX 4070 Super Ventus-V4 12GB GDDR6X",vga,assets/images/products/placeholder-vga.svg,placeholder_image
160,VGA-COLORFUL-V5,"VGA Colorful GeForce RTX 4060 Ventus-V5 12GB GDDR6X",vga,assets/images/products/placeholder-vga.svg,placeholder_image
161,VGA-MSI-V6,"VGA MSI GeForce RTX 4070 Super Ventus-V6 16GB GDDR6X",vga,assets/images/products/placeholder-vga.svg,placeholder_image
162,VGA-ASUS-V7,"VGA ASUS GeForce RTX 4060 Ventus-V7 12GB GDDR6X",vga,assets/images/products/placeholder-vga.svg,placeholder_image
163,VGA-GIGABYTE-V8,"VGA Gigabyte GeForce RTX 4070 Super Ventus-V8 12GB GDDR6X",vga,assets/images/products/placeholder-vga.svg,placeholder_image
164,VGA-ZOTAC-V9,"VGA Zotac GeForce RTX 4060 Ventus-V9 16GB GDDR6X",vga,assets/images/products/placeholder-vga.svg,placeholder_image
165,VGA-COLORFUL-V10,"VGA Colorful GeForce RTX 4070 Super Ventus-V10 12GB GDDR6X",vga,assets/images/products/placeholder-vga.svg,placeholder_image
166,VGA-MSI-V11,"VGA MSI GeForce RTX 4060 Ventus-V11 12GB GDDR6X",vga,assets/images/products/placeholder-vga.svg,placeholder_image
167,VGA-ASUS-V12,"VGA ASUS GeForce RTX 4070 Super Ventus-V12 16GB GDDR6X",vga,assets/images/products/placeholder-vga.svg,placeholder_image
168,VGA-GIGABYTE-V13,"VGA Gigabyte GeForce RTX 4060 Ventus-V13 12GB GDDR6X",vga,assets/images/products/placeholder-vga.svg,placeholder_image
169,VGA-ZOTAC-V14,"VGA Zotac GeForce RTX 4070 Super Ventus-V14 12GB GDDR6X",vga,assets/images/products/placeholder-vga.svg,placeholder_image
170,VGA-COLORFUL-V15,"VGA Colorful GeForce RTX 4060 Ventus-V15 16GB GDDR6X",vga,assets/images/products/placeholder-vga.svg,placeholder_image
171,VGA-MSI-V16,"VGA MSI GeForce RTX 4070 Super Ventus-V16 12GB GDDR6X",vga,assets/images/products/placeholder-vga.svg,placeholder_image
172,VGA-ASUS-V17,"VGA ASUS GeForce RTX 4060 Ventus-V17 12GB GDDR6X",vga,assets/images/products/placeholder-vga.svg,placeholder_image
173,VGA-GIGABYTE-V18,"VGA Gigabyte GeForce RTX 4070 Super Ventus-V18 16GB GDDR6X",vga,assets/images/products/placeholder-vga.svg,placeholder_image
174,VGA-ZOTAC-V19,"VGA Zotac GeForce RTX 4060 Ventus-V19 12GB GDDR6X",vga,assets/images/products/placeholder-vga.svg,placeholder_image
175,VGA-COLORFUL-V20,"VGA Colorful GeForce RTX 4070 Super Ventus-V20 12GB GDDR6X",vga,assets/images/products/placeholder-vga.svg,placeholder_image
176,VGA-MSI-V21,"VGA MSI GeForce RTX 4060 Ventus-V21 16GB GDDR6X",vga,assets/images/products/placeholder-vga.svg,placeholder_image
177,VGA-ASUS-V22,"VGA ASUS GeForce RTX 4070 Super Ventus-V22 12GB GDDR6X",vga,assets/images/products/placeholder-vga.svg,placeholder_image
178,VGA-GIGABYTE-V23,"VGA Gigabyte GeForce RTX 4060 Ventus-V23 12GB GDDR6X",vga,assets/images/products/placeholder-vga.svg,placeholder_image
179,VGA-ZOTAC-V24,"VGA Zotac GeForce RTX 4070 Super Ventus-V24 16GB GDDR6X",vga,assets/images/products/placeholder-vga.svg,placeholder_image
180,VGA-COLORFUL-V25,"VGA Colorful GeForce RTX 4060 Ventus-V25 12GB GDDR6X",vga,assets/images/products/placeholder-vga.svg,placeholder_image
181,VGA-MSI-V26,"VGA MSI GeForce RTX 4070 Super Ventus-V26 12GB GDDR6X",vga,assets/images/products/placeholder-vga.svg,placeholder_image
182,VGA-ASUS-V27,"VGA ASUS GeForce RTX 4060 Ventus-V27 16GB GDDR6X",vga,assets/images/products/placeholder-vga.svg,placeholder_image
183,VGA-GIGABYTE-V28,"VGA Gigabyte GeForce RTX 4070 Super Ventus-V28 12GB GDDR6X",vga,assets/images/products/placeholder-vga.svg,placeholder_image
184,VGA-ZOTAC-V29,"VGA Zotac GeForce RTX 4060 Ventus-V29 12GB GDDR6X",vga,assets/images/products/placeholder-vga.svg,placeholder_image
185,VGA-COLORFUL-V30,"VGA Colorful GeForce RTX 4070 Super Ventus-V30 16GB GDDR6X",vga,assets/images/products/placeholder-vga.svg,placeholder_image
186,VGA-MSI-V31,"VGA MSI GeForce RTX 4060 Ventus-V31 12GB GDDR6X",vga,assets/images/products/placeholder-vga.svg,placeholder_image
187,RAM-CORSAIR-R1,"RAM Corsair Vengeance-R1 16GB (2x8GB) DDR5 6000MHz",ram,assets/images/products/placeholder-ram.svg,placeholder_image
188,RAM-KINGSTON-R2,"RAM Kingston Vengeance-R2 16GB (2x8GB) DDR5 6000MHz",ram,assets/images/products/placeholder-ram.svg,placeholder_image
189,RAM-G.SKILL-R3,"RAM G.Skill Vengeance-R3 32GB (2x16GB) DDR5 6000MHz",ram,assets/images/products/placeholder-ram.svg,placeholder_image
190,RAM-TEAMGROUP-R4,"RAM TeamGroup Vengeance-R4 16GB (2x8GB) DDR4 3200MHz",ram,assets/images/products/placeholder-ram.svg,placeholder_image
191,RAM-CRUCIAL-R5,"RAM Crucial Vengeance-R5 16GB (2x8GB) DDR5 6000MHz",ram,assets/images/products/placeholder-ram.svg,placeholder_image
192,RAM-CORSAIR-R6,"RAM Corsair Vengeance-R6 32GB (2x16GB) DDR5 6000MHz",ram,assets/images/products/placeholder-ram.svg,placeholder_image
193,RAM-KINGSTON-R7,"RAM Kingston Vengeance-R7 16GB (2x8GB) DDR5 6000MHz",ram,assets/images/products/placeholder-ram.svg,placeholder_image
194,RAM-G.SKILL-R8,"RAM G.Skill Vengeance-R8 16GB (2x8GB) DDR4 3200MHz",ram,assets/images/products/placeholder-ram.svg,placeholder_image
195,RAM-TEAMGROUP-R9,"RAM TeamGroup Vengeance-R9 32GB (2x16GB) DDR5 6000MHz",ram,assets/images/products/placeholder-ram.svg,placeholder_image
196,RAM-CRUCIAL-R10,"RAM Crucial Vengeance-R10 16GB (2x8GB) DDR5 6000MHz",ram,assets/images/products/placeholder-ram.svg,placeholder_image
197,RAM-CORSAIR-R11,"RAM Corsair Vengeance-R11 16GB (2x8GB) DDR5 6000MHz",ram,assets/images/products/placeholder-ram.svg,placeholder_image
198,RAM-KINGSTON-R12,"RAM Kingston Vengeance-R12 32GB (2x16GB) DDR4 3200MHz",ram,assets/images/products/placeholder-ram.svg,placeholder_image
199,RAM-G.SKILL-R13,"RAM G.Skill Vengeance-R13 16GB (2x8GB) DDR5 6000MHz",ram,assets/images/products/placeholder-ram.svg,placeholder_image
200,RAM-TEAMGROUP-R14,"RAM TeamGroup Vengeance-R14 16GB (2x8GB) DDR5 6000MHz",ram,assets/images/products/placeholder-ram.svg,placeholder_image
201,RAM-CRUCIAL-R15,"RAM Crucial Vengeance-R15 32GB (2x16GB) DDR5 6000MHz",ram,assets/images/products/placeholder-ram.svg,placeholder_image
202,RAM-CORSAIR-R16,"RAM Corsair Vengeance-R16 16GB (2x8GB) DDR4 3200MHz",ram,assets/images/products/placeholder-ram.svg,placeholder_image
203,RAM-KINGSTON-R17,"RAM Kingston Vengeance-R17 16GB (2x8GB) DDR5 6000MHz",ram,assets/images/products/placeholder-ram.svg,placeholder_image
204,RAM-G.SKILL-R18,"RAM G.Skill Vengeance-R18 32GB (2x16GB) DDR5 6000MHz",ram,assets/images/products/placeholder-ram.svg,placeholder_image
205,RAM-TEAMGROUP-R19,"RAM TeamGroup Vengeance-R19 16GB (2x8GB) DDR5 6000MHz",ram,assets/images/products/placeholder-ram.svg,placeholder_image
206,RAM-CRUCIAL-R20,"RAM Crucial Vengeance-R20 16GB (2x8GB) DDR4 3200MHz",ram,assets/images/products/placeholder-ram.svg,placeholder_image
207,RAM-CORSAIR-R21,"RAM Corsair Vengeance-R21 32GB (2x16GB) DDR5 6000MHz",ram,assets/images/products/placeholder-ram.svg,placeholder_image
208,RAM-KINGSTON-R22,"RAM Kingston Vengeance-R22 16GB (2x8GB) DDR5 6000MHz",ram,assets/images/products/placeholder-ram.svg,placeholder_image
209,RAM-G.SKILL-R23,"RAM G.Skill Vengeance-R23 16GB (2x8GB) DDR5 6000MHz",ram,assets/images/products/placeholder-ram.svg,placeholder_image
210,RAM-TEAMGROUP-R24,"RAM TeamGroup Vengeance-R24 32GB (2x16GB) DDR4 3200MHz",ram,assets/images/products/placeholder-ram.svg,placeholder_image
211,RAM-CRUCIAL-R25,"RAM Crucial Vengeance-R25 16GB (2x8GB) DDR5 6000MHz",ram,assets/images/products/placeholder-ram.svg,placeholder_image
212,RAM-CORSAIR-R26,"RAM Corsair Vengeance-R26 16GB (2x8GB) DDR5 6000MHz",ram,assets/images/products/placeholder-ram.svg,placeholder_image
213,RAM-KINGSTON-R27,"RAM Kingston Vengeance-R27 32GB (2x16GB) DDR5 6000MHz",ram,assets/images/products/placeholder-ram.svg,placeholder_image
214,RAM-G.SKILL-R28,"RAM G.Skill Vengeance-R28 16GB (2x8GB) DDR4 3200MHz",ram,assets/images/products/placeholder-ram.svg,placeholder_image
215,RAM-TEAMGROUP-R29,"RAM TeamGroup Vengeance-R29 16GB (2x8GB) DDR5 6000MHz",ram,assets/images/products/placeholder-ram.svg,placeholder_image
216,RAM-CRUCIAL-R30,"RAM Crucial Vengeance-R30 32GB (2x16GB) DDR5 6000MHz",ram,assets/images/products/placeholder-ram.svg,placeholder_image
217,RAM-CORSAIR-R31,"RAM Corsair Vengeance-R31 16GB (2x8GB) DDR5 6000MHz",ram,assets/images/products/placeholder-ram.svg,placeholder_image
218,ST-SAMSUNG-S1,"SSD Samsung Pro-S1 1000GB PCIe 4.0 NVMe",storage,assets/images/products/placeholder-storage.svg,placeholder_image
219,ST-KINGSTON-S2,"SSD Kingston Pro-S2 1000GB PCIe 4.0 NVMe",storage,assets/images/products/placeholder-storage.svg,placeholder_image
220,ST-CRUCIAL-S3,"SSD Crucial Pro-S3 2000GB PCIe 4.0 NVMe",storage,assets/images/products/placeholder-storage.svg,placeholder_image
221,ST-WD-S4,"SSD WD Pro-S4 1000GB PCIe 4.0 NVMe",storage,assets/images/products/placeholder-storage.svg,placeholder_image
222,ST-LEXAR-S5,"SSD Lexar Pro-S5 1000GB PCIe 4.0 NVMe",storage,assets/images/products/placeholder-storage.svg,placeholder_image
223,ST-SAMSUNG-S6,"SSD Samsung Pro-S6 2000GB PCIe 4.0 NVMe",storage,assets/images/products/placeholder-storage.svg,placeholder_image
224,ST-KINGSTON-S7,"SSD Kingston Pro-S7 1000GB PCIe 4.0 NVMe",storage,assets/images/products/placeholder-storage.svg,placeholder_image
225,ST-CRUCIAL-S8,"SSD Crucial Pro-S8 1000GB PCIe 4.0 NVMe",storage,assets/images/products/placeholder-storage.svg,placeholder_image
226,ST-WD-S9,"SSD WD Pro-S9 2000GB PCIe 4.0 NVMe",storage,assets/images/products/placeholder-storage.svg,placeholder_image
227,ST-LEXAR-S10,"SSD Lexar Pro-S10 1000GB PCIe 4.0 NVMe",storage,assets/images/products/placeholder-storage.svg,placeholder_image
228,ST-SAMSUNG-S11,"SSD Samsung Pro-S11 1000GB PCIe 4.0 NVMe",storage,assets/images/products/placeholder-storage.svg,placeholder_image
229,ST-KINGSTON-S12,"SSD Kingston Pro-S12 2000GB PCIe 4.0 NVMe",storage,assets/images/products/placeholder-storage.svg,placeholder_image
230,ST-CRUCIAL-S13,"SSD Crucial Pro-S13 1000GB PCIe 4.0 NVMe",storage,assets/images/products/placeholder-storage.svg,placeholder_image
231,ST-WD-S14,"SSD WD Pro-S14 1000GB PCIe 4.0 NVMe",storage,assets/images/products/placeholder-storage.svg,placeholder_image
232,ST-LEXAR-S15,"SSD Lexar Pro-S15 2000GB PCIe 4.0 NVMe",storage,assets/images/products/placeholder-storage.svg,placeholder_image
233,ST-SAMSUNG-S16,"SSD Samsung Pro-S16 1000GB PCIe 4.0 NVMe",storage,assets/images/products/placeholder-storage.svg,placeholder_image
234,ST-KINGSTON-S17,"SSD Kingston Pro-S17 1000GB PCIe 4.0 NVMe",storage,assets/images/products/placeholder-storage.svg,placeholder_image
235,ST-CRUCIAL-S18,"SSD Crucial Pro-S18 2000GB PCIe 4.0 NVMe",storage,assets/images/products/placeholder-storage.svg,placeholder_image
236,ST-WD-S19,"SSD WD Pro-S19 1000GB PCIe 4.0 NVMe",storage,assets/images/products/placeholder-storage.svg,placeholder_image
237,ST-LEXAR-S20,"SSD Lexar Pro-S20 1000GB PCIe 4.0 NVMe",storage,assets/images/products/placeholder-storage.svg,placeholder_image
238,ST-SAMSUNG-S21,"SSD Samsung Pro-S21 2000GB PCIe 4.0 NVMe",storage,assets/images/products/placeholder-storage.svg,placeholder_image
239,ST-KINGSTON-S22,"SSD Kingston Pro-S22 1000GB PCIe 4.0 NVMe",storage,assets/images/products/placeholder-storage.svg,placeholder_image
240,ST-CRUCIAL-S23,"SSD Crucial Pro-S23 1000GB PCIe 4.0 NVMe",storage,assets/images/products/placeholder-storage.svg,placeholder_image
241,ST-WD-S24,"SSD WD Pro-S24 2000GB PCIe 4.0 NVMe",storage,assets/images/products/placeholder-storage.svg,placeholder_image
242,ST-LEXAR-S25,"SSD Lexar Pro-S25 1000GB PCIe 4.0 NVMe",storage,assets/images/products/placeholder-storage.svg,placeholder_image
243,ST-SAMSUNG-S26,"SSD Samsung Pro-S26 1000GB PCIe 4.0 NVMe",storage,assets/images/products/placeholder-storage.svg,placeholder_image
244,ST-KINGSTON-S27,"SSD Kingston Pro-S27 2000GB PCIe 4.0 NVMe",storage,assets/images/products/placeholder-storage.svg,placeholder_image
245,ST-CRUCIAL-S28,"SSD Crucial Pro-S28 1000GB PCIe 4.0 NVMe",storage,assets/images/products/placeholder-storage.svg,placeholder_image
246,ST-WD-S29,"SSD WD Pro-S29 1000GB PCIe 4.0 NVMe",storage,assets/images/products/placeholder-storage.svg,placeholder_image
247,ST-LEXAR-S30,"SSD Lexar Pro-S30 2000GB PCIe 4.0 NVMe",storage,assets/images/products/placeholder-storage.svg,placeholder_image
248,ST-SAMSUNG-S31,"SSD Samsung Pro-S31 1000GB PCIe 4.0 NVMe",storage,assets/images/products/placeholder-storage.svg,placeholder_image
249,CASE-MONTECH-CS1,"Case Montech Air-CS1 Tempered Glass Kèm 4 Quạt",case,assets/images/products/placeholder-case.svg,placeholder_image
250,CASE-DEEPCOOL-CS2,"Case DeepCool Air-CS2 Tempered Glass Kèm 4 Quạt",case,assets/images/products/placeholder-case.svg,placeholder_image
251,CASE-NZXT-CS3,"Case NZXT Air-CS3 Tempered Glass Kèm 4 Quạt",case,assets/images/products/placeholder-case.svg,placeholder_image
252,"CASE-LIAN LI-CS4","Case Lian Li Air-CS4 Tempered Glass Kèm 4 Quạt",case,assets/images/products/placeholder-case.svg,placeholder_image
253,CASE-CORSAIR-CS5,"Case Corsair Air-CS5 Tempered Glass Kèm 4 Quạt",case,assets/images/products/placeholder-case.svg,placeholder_image
254,CASE-XIGMATEK-CS6,"Case Xigmatek Air-CS6 Tempered Glass Kèm 4 Quạt",case,assets/images/products/placeholder-case.svg,placeholder_image
255,CASE-MONTECH-CS7,"Case Montech Air-CS7 Tempered Glass Kèm 4 Quạt",case,assets/images/products/placeholder-case.svg,placeholder_image
256,CASE-DEEPCOOL-CS8,"Case DeepCool Air-CS8 Tempered Glass Kèm 4 Quạt",case,assets/images/products/placeholder-case.svg,placeholder_image
257,CASE-NZXT-CS9,"Case NZXT Air-CS9 Tempered Glass Kèm 4 Quạt",case,assets/images/products/placeholder-case.svg,placeholder_image
258,"CASE-LIAN LI-CS10","Case Lian Li Air-CS10 Tempered Glass Kèm 4 Quạt",case,assets/images/products/placeholder-case.svg,placeholder_image
259,CASE-CORSAIR-CS11,"Case Corsair Air-CS11 Tempered Glass Kèm 4 Quạt",case,assets/images/products/placeholder-case.svg,placeholder_image
260,CASE-XIGMATEK-CS12,"Case Xigmatek Air-CS12 Tempered Glass Kèm 4 Quạt",case,assets/images/products/placeholder-case.svg,placeholder_image
261,CASE-MONTECH-CS13,"Case Montech Air-CS13 Tempered Glass Kèm 4 Quạt",case,assets/images/products/placeholder-case.svg,placeholder_image
262,CASE-DEEPCOOL-CS14,"Case DeepCool Air-CS14 Tempered Glass Kèm 4 Quạt",case,assets/images/products/placeholder-case.svg,placeholder_image
263,CASE-NZXT-CS15,"Case NZXT Air-CS15 Tempered Glass Kèm 4 Quạt",case,assets/images/products/placeholder-case.svg,placeholder_image
264,"CASE-LIAN LI-CS16","Case Lian Li Air-CS16 Tempered Glass Kèm 4 Quạt",case,assets/images/products/placeholder-case.svg,placeholder_image
265,CASE-CORSAIR-CS17,"Case Corsair Air-CS17 Tempered Glass Kèm 4 Quạt",case,assets/images/products/placeholder-case.svg,placeholder_image
266,CASE-XIGMATEK-CS18,"Case Xigmatek Air-CS18 Tempered Glass Kèm 4 Quạt",case,assets/images/products/placeholder-case.svg,placeholder_image
267,CASE-MONTECH-CS19,"Case Montech Air-CS19 Tempered Glass Kèm 4 Quạt",case,assets/images/products/placeholder-case.svg,placeholder_image
268,CASE-DEEPCOOL-CS20,"Case DeepCool Air-CS20 Tempered Glass Kèm 4 Quạt",case,assets/images/products/placeholder-case.svg,placeholder_image
269,CASE-NZXT-CS21,"Case NZXT Air-CS21 Tempered Glass Kèm 4 Quạt",case,assets/images/products/placeholder-case.svg,placeholder_image
270,"CASE-LIAN LI-CS22","Case Lian Li Air-CS22 Tempered Glass Kèm 4 Quạt",case,assets/images/products/placeholder-case.svg,placeholder_image
271,CASE-CORSAIR-CS23,"Case Corsair Air-CS23 Tempered Glass Kèm 4 Quạt",case,assets/images/products/placeholder-case.svg,placeholder_image
272,CASE-XIGMATEK-CS24,"Case Xigmatek Air-CS24 Tempered Glass Kèm 4 Quạt",case,assets/images/products/placeholder-case.svg,placeholder_image
273,CASE-MONTECH-CS25,"Case Montech Air-CS25 Tempered Glass Kèm 4 Quạt",case,assets/images/products/placeholder-case.svg,placeholder_image
274,CASE-DEEPCOOL-CS26,"Case DeepCool Air-CS26 Tempered Glass Kèm 4 Quạt",case,assets/images/products/placeholder-case.svg,placeholder_image
275,CASE-NZXT-CS27,"Case NZXT Air-CS27 Tempered Glass Kèm 4 Quạt",case,assets/images/products/placeholder-case.svg,placeholder_image
276,"CASE-LIAN LI-CS28","Case Lian Li Air-CS28 Tempered Glass Kèm 4 Quạt",case,assets/images/products/placeholder-case.svg,placeholder_image
277,CASE-CORSAIR-CS29,"Case Corsair Air-CS29 Tempered Glass Kèm 4 Quạt",case,assets/images/products/placeholder-case.svg,placeholder_image
278,CASE-XIGMATEK-CS30,"Case Xigmatek Air-CS30 Tempered Glass Kèm 4 Quạt",case,assets/images/products/placeholder-case.svg,placeholder_image
279,CASE-MONTECH-CS31,"Case Montech Air-CS31 Tempered Glass Kèm 4 Quạt",case,assets/images/products/placeholder-case.svg,placeholder_image
280,COOL-THERMALRIGHT-CL1,"Tản nhiệt Thermalright Frost-CL1 Air Cooling RGB",cooling,assets/images/products/placeholder-cooling.svg,placeholder_image
281,COOL-DEEPCOOL-CL2,"Tản nhiệt DeepCool Frost-CL2 AIO Cooling RGB",cooling,assets/images/products/placeholder-cooling.svg,placeholder_image
282,COOL-NZXT-CL3,"Tản nhiệt NZXT Frost-CL3 Air Cooling RGB",cooling,assets/images/products/placeholder-cooling.svg,placeholder_image
283,COOL-CORSAIR-CL4,"Tản nhiệt Corsair Frost-CL4 AIO Cooling RGB",cooling,assets/images/products/placeholder-cooling.svg,placeholder_image
284,COOL-MSI-CL5,"Tản nhiệt MSI Frost-CL5 Air Cooling RGB",cooling,assets/images/products/placeholder-cooling.svg,placeholder_image
285,COOL-THERMALRIGHT-CL6,"Tản nhiệt Thermalright Frost-CL6 AIO Cooling RGB",cooling,assets/images/products/placeholder-cooling.svg,placeholder_image
286,COOL-DEEPCOOL-CL7,"Tản nhiệt DeepCool Frost-CL7 Air Cooling RGB",cooling,assets/images/products/placeholder-cooling.svg,placeholder_image
287,COOL-NZXT-CL8,"Tản nhiệt NZXT Frost-CL8 AIO Cooling RGB",cooling,assets/images/products/placeholder-cooling.svg,placeholder_image
288,COOL-CORSAIR-CL9,"Tản nhiệt Corsair Frost-CL9 Air Cooling RGB",cooling,assets/images/products/placeholder-cooling.svg,placeholder_image
289,COOL-MSI-CL10,"Tản nhiệt MSI Frost-CL10 AIO Cooling RGB",cooling,assets/images/products/placeholder-cooling.svg,placeholder_image
290,COOL-THERMALRIGHT-CL11,"Tản nhiệt Thermalright Frost-CL11 Air Cooling RGB",cooling,assets/images/products/placeholder-cooling.svg,placeholder_image
291,COOL-DEEPCOOL-CL12,"Tản nhiệt DeepCool Frost-CL12 AIO Cooling RGB",cooling,assets/images/products/placeholder-cooling.svg,placeholder_image
292,COOL-NZXT-CL13,"Tản nhiệt NZXT Frost-CL13 Air Cooling RGB",cooling,assets/images/products/placeholder-cooling.svg,placeholder_image
293,COOL-CORSAIR-CL14,"Tản nhiệt Corsair Frost-CL14 AIO Cooling RGB",cooling,assets/images/products/placeholder-cooling.svg,placeholder_image
294,COOL-MSI-CL15,"Tản nhiệt MSI Frost-CL15 Air Cooling RGB",cooling,assets/images/products/placeholder-cooling.svg,placeholder_image
295,COOL-THERMALRIGHT-CL16,"Tản nhiệt Thermalright Frost-CL16 AIO Cooling RGB",cooling,assets/images/products/placeholder-cooling.svg,placeholder_image
296,COOL-DEEPCOOL-CL17,"Tản nhiệt DeepCool Frost-CL17 Air Cooling RGB",cooling,assets/images/products/placeholder-cooling.svg,placeholder_image
297,COOL-NZXT-CL18,"Tản nhiệt NZXT Frost-CL18 AIO Cooling RGB",cooling,assets/images/products/placeholder-cooling.svg,placeholder_image
298,COOL-CORSAIR-CL19,"Tản nhiệt Corsair Frost-CL19 Air Cooling RGB",cooling,assets/images/products/placeholder-cooling.svg,placeholder_image
299,COOL-MSI-CL20,"Tản nhiệt MSI Frost-CL20 AIO Cooling RGB",cooling,assets/images/products/placeholder-cooling.svg,placeholder_image
300,COOL-THERMALRIGHT-CL21,"Tản nhiệt Thermalright Frost-CL21 Air Cooling RGB",cooling,assets/images/products/placeholder-cooling.svg,placeholder_image
301,COOL-DEEPCOOL-CL22,"Tản nhiệt DeepCool Frost-CL22 AIO Cooling RGB",cooling,assets/images/products/placeholder-cooling.svg,placeholder_image
302,COOL-NZXT-CL23,"Tản nhiệt NZXT Frost-CL23 Air Cooling RGB",cooling,assets/images/products/placeholder-cooling.svg,placeholder_image
303,COOL-CORSAIR-CL24,"Tản nhiệt Corsair Frost-CL24 AIO Cooling RGB",cooling,assets/images/products/placeholder-cooling.svg,placeholder_image
304,COOL-MSI-CL25,"Tản nhiệt MSI Frost-CL25 Air Cooling RGB",cooling,assets/images/products/placeholder-cooling.svg,placeholder_image
305,COOL-THERMALRIGHT-CL26,"Tản nhiệt Thermalright Frost-CL26 AIO Cooling RGB",cooling,assets/images/products/placeholder-cooling.svg,placeholder_image
306,COOL-DEEPCOOL-CL27,"Tản nhiệt DeepCool Frost-CL27 Air Cooling RGB",cooling,assets/images/products/placeholder-cooling.svg,placeholder_image
307,COOL-NZXT-CL28,"Tản nhiệt NZXT Frost-CL28 AIO Cooling RGB",cooling,assets/images/products/placeholder-cooling.svg,placeholder_image
308,COOL-CORSAIR-CL29,"Tản nhiệt Corsair Frost-CL29 Air Cooling RGB",cooling,assets/images/products/placeholder-cooling.svg,placeholder_image
309,COOL-MSI-CL30,"Tản nhiệt MSI Frost-CL30 AIO Cooling RGB",cooling,assets/images/products/placeholder-cooling.svg,placeholder_image
310,COOL-THERMALRIGHT-CL31,"Tản nhiệt Thermalright Frost-CL31 Air Cooling RGB",cooling,assets/images/products/placeholder-cooling.svg,placeholder_image
311,PSU-CORSAIR-PS1,"Nguồn PSU Corsair Power-PS1 650W 80 Plus Gold",psu,assets/images/products/placeholder-psu.svg,placeholder_image
312,PSU-MSI-PS2,"Nguồn PSU MSI Power-PS2 750W 80 Plus Gold",psu,assets/images/products/placeholder-psu.svg,placeholder_image
313,PSU-DEEPCOOL-PS3,"Nguồn PSU DeepCool Power-PS3 850W 80 Plus Gold",psu,assets/images/products/placeholder-psu.svg,placeholder_image
314,PSU-GIGABYTE-PS4,"Nguồn PSU Gigabyte Power-PS4 950W 80 Plus Gold",psu,assets/images/products/placeholder-psu.svg,placeholder_image
315,"PSU-COOLER MASTER-PS5","Nguồn PSU Cooler Master Power-PS5 550W 80 Plus Gold",psu,assets/images/products/placeholder-psu.svg,placeholder_image
316,PSU-CORSAIR-PS6,"Nguồn PSU Corsair Power-PS6 650W 80 Plus Gold",psu,assets/images/products/placeholder-psu.svg,placeholder_image
317,PSU-MSI-PS7,"Nguồn PSU MSI Power-PS7 750W 80 Plus Gold",psu,assets/images/products/placeholder-psu.svg,placeholder_image
318,PSU-DEEPCOOL-PS8,"Nguồn PSU DeepCool Power-PS8 850W 80 Plus Gold",psu,assets/images/products/placeholder-psu.svg,placeholder_image
319,PSU-GIGABYTE-PS9,"Nguồn PSU Gigabyte Power-PS9 950W 80 Plus Gold",psu,assets/images/products/placeholder-psu.svg,placeholder_image
320,"PSU-COOLER MASTER-PS10","Nguồn PSU Cooler Master Power-PS10 550W 80 Plus Gold",psu,assets/images/products/placeholder-psu.svg,placeholder_image
321,PSU-CORSAIR-PS11,"Nguồn PSU Corsair Power-PS11 650W 80 Plus Gold",psu,assets/images/products/placeholder-psu.svg,placeholder_image
322,PSU-MSI-PS12,"Nguồn PSU MSI Power-PS12 750W 80 Plus Gold",psu,assets/images/products/placeholder-psu.svg,placeholder_image
323,PSU-DEEPCOOL-PS13,"Nguồn PSU DeepCool Power-PS13 850W 80 Plus Gold",psu,assets/images/products/placeholder-psu.svg,placeholder_image
324,PSU-GIGABYTE-PS14,"Nguồn PSU Gigabyte Power-PS14 950W 80 Plus Gold",psu,assets/images/products/placeholder-psu.svg,placeholder_image
325,"PSU-COOLER MASTER-PS15","Nguồn PSU Cooler Master Power-PS15 550W 80 Plus Gold",psu,assets/images/products/placeholder-psu.svg,placeholder_image
326,PSU-CORSAIR-PS16,"Nguồn PSU Corsair Power-PS16 650W 80 Plus Gold",psu,assets/images/products/placeholder-psu.svg,placeholder_image
327,PSU-MSI-PS17,"Nguồn PSU MSI Power-PS17 750W 80 Plus Gold",psu,assets/images/products/placeholder-psu.svg,placeholder_image
328,PSU-DEEPCOOL-PS18,"Nguồn PSU DeepCool Power-PS18 850W 80 Plus Gold",psu,assets/images/products/placeholder-psu.svg,placeholder_image
329,PSU-GIGABYTE-PS19,"Nguồn PSU Gigabyte Power-PS19 950W 80 Plus Gold",psu,assets/images/products/placeholder-psu.svg,placeholder_image
330,"PSU-COOLER MASTER-PS20","Nguồn PSU Cooler Master Power-PS20 550W 80 Plus Gold",psu,assets/images/products/placeholder-psu.svg,placeholder_image
331,PSU-CORSAIR-PS21,"Nguồn PSU Corsair Power-PS21 650W 80 Plus Gold",psu,assets/images/products/placeholder-psu.svg,placeholder_image
332,PSU-MSI-PS22,"Nguồn PSU MSI Power-PS22 750W 80 Plus Gold",psu,assets/images/products/placeholder-psu.svg,placeholder_image
333,PSU-DEEPCOOL-PS23,"Nguồn PSU DeepCool Power-PS23 850W 80 Plus Gold",psu,assets/images/products/placeholder-psu.svg,placeholder_image
334,PSU-GIGABYTE-PS24,"Nguồn PSU Gigabyte Power-PS24 950W 80 Plus Gold",psu,assets/images/products/placeholder-psu.svg,placeholder_image
335,"PSU-COOLER MASTER-PS25","Nguồn PSU Cooler Master Power-PS25 550W 80 Plus Gold",psu,assets/images/products/placeholder-psu.svg,placeholder_image
336,PSU-CORSAIR-PS26,"Nguồn PSU Corsair Power-PS26 650W 80 Plus Gold",psu,assets/images/products/placeholder-psu.svg,placeholder_image
337,PSU-MSI-PS27,"Nguồn PSU MSI Power-PS27 750W 80 Plus Gold",psu,assets/images/products/placeholder-psu.svg,placeholder_image
338,PSU-DEEPCOOL-PS28,"Nguồn PSU DeepCool Power-PS28 850W 80 Plus Gold",psu,assets/images/products/placeholder-psu.svg,placeholder_image
339,PSU-GIGABYTE-PS29,"Nguồn PSU Gigabyte Power-PS29 950W 80 Plus Gold",psu,assets/images/products/placeholder-psu.svg,placeholder_image
340,"PSU-COOLER MASTER-PS30","Nguồn PSU Cooler Master Power-PS30 550W 80 Plus Gold",psu,assets/images/products/placeholder-psu.svg,placeholder_image
341,PSU-CORSAIR-PS31,"Nguồn PSU Corsair Power-PS31 650W 80 Plus Gold",psu,assets/images/products/placeholder-psu.svg,placeholder_image
342,KB-CORSAIR-K1,"Bàn phím cơ Corsair Mech-K1 Wireless RGB Hot-swap",keyboard,assets/images/products/placeholder-keyboard.svg,placeholder_image
343,KB-RAZER-K2,"Bàn phím cơ Razer Mech-K2 Wireless RGB Hot-swap",keyboard,assets/images/products/placeholder-keyboard.svg,placeholder_image
344,KB-LOGITECH-K3,"Bàn phím cơ Logitech Mech-K3 Wireless RGB Hot-swap",keyboard,assets/images/products/placeholder-keyboard.svg,placeholder_image
345,KB-MSI-K4,"Bàn phím cơ MSI Mech-K4 Wireless RGB Hot-swap",keyboard,assets/images/products/placeholder-keyboard.svg,placeholder_image
346,KB-ASUS-K5,"Bàn phím cơ ASUS Mech-K5 Wireless RGB Hot-swap",keyboard,assets/images/products/placeholder-keyboard.svg,placeholder_image
347,KB-CORSAIR-K6,"Bàn phím cơ Corsair Mech-K6 Wireless RGB Hot-swap",keyboard,assets/images/products/placeholder-keyboard.svg,placeholder_image
348,KB-RAZER-K7,"Bàn phím cơ Razer Mech-K7 Wireless RGB Hot-swap",keyboard,assets/images/products/placeholder-keyboard.svg,placeholder_image
349,KB-LOGITECH-K8,"Bàn phím cơ Logitech Mech-K8 Wireless RGB Hot-swap",keyboard,assets/images/products/placeholder-keyboard.svg,placeholder_image
350,KB-MSI-K9,"Bàn phím cơ MSI Mech-K9 Wireless RGB Hot-swap",keyboard,assets/images/products/placeholder-keyboard.svg,placeholder_image
351,KB-ASUS-K10,"Bàn phím cơ ASUS Mech-K10 Wireless RGB Hot-swap",keyboard,assets/images/products/placeholder-keyboard.svg,placeholder_image
352,KB-CORSAIR-K11,"Bàn phím cơ Corsair Mech-K11 Wireless RGB Hot-swap",keyboard,assets/images/products/placeholder-keyboard.svg,placeholder_image
353,KB-RAZER-K12,"Bàn phím cơ Razer Mech-K12 Wireless RGB Hot-swap",keyboard,assets/images/products/placeholder-keyboard.svg,placeholder_image
354,KB-LOGITECH-K13,"Bàn phím cơ Logitech Mech-K13 Wireless RGB Hot-swap",keyboard,assets/images/products/placeholder-keyboard.svg,placeholder_image
355,KB-MSI-K14,"Bàn phím cơ MSI Mech-K14 Wireless RGB Hot-swap",keyboard,assets/images/products/placeholder-keyboard.svg,placeholder_image
356,KB-ASUS-K15,"Bàn phím cơ ASUS Mech-K15 Wireless RGB Hot-swap",keyboard,assets/images/products/placeholder-keyboard.svg,placeholder_image
357,KB-CORSAIR-K16,"Bàn phím cơ Corsair Mech-K16 Wireless RGB Hot-swap",keyboard,assets/images/products/placeholder-keyboard.svg,placeholder_image
358,KB-RAZER-K17,"Bàn phím cơ Razer Mech-K17 Wireless RGB Hot-swap",keyboard,assets/images/products/placeholder-keyboard.svg,placeholder_image
359,KB-LOGITECH-K18,"Bàn phím cơ Logitech Mech-K18 Wireless RGB Hot-swap",keyboard,assets/images/products/placeholder-keyboard.svg,placeholder_image
360,KB-MSI-K19,"Bàn phím cơ MSI Mech-K19 Wireless RGB Hot-swap",keyboard,assets/images/products/placeholder-keyboard.svg,placeholder_image
361,KB-ASUS-K20,"Bàn phím cơ ASUS Mech-K20 Wireless RGB Hot-swap",keyboard,assets/images/products/placeholder-keyboard.svg,placeholder_image
362,KB-CORSAIR-K21,"Bàn phím cơ Corsair Mech-K21 Wireless RGB Hot-swap",keyboard,assets/images/products/placeholder-keyboard.svg,placeholder_image
363,KB-RAZER-K22,"Bàn phím cơ Razer Mech-K22 Wireless RGB Hot-swap",keyboard,assets/images/products/placeholder-keyboard.svg,placeholder_image
364,KB-LOGITECH-K23,"Bàn phím cơ Logitech Mech-K23 Wireless RGB Hot-swap",keyboard,assets/images/products/placeholder-keyboard.svg,placeholder_image
365,KB-MSI-K24,"Bàn phím cơ MSI Mech-K24 Wireless RGB Hot-swap",keyboard,assets/images/products/placeholder-keyboard.svg,placeholder_image
366,KB-ASUS-K25,"Bàn phím cơ ASUS Mech-K25 Wireless RGB Hot-swap",keyboard,assets/images/products/placeholder-keyboard.svg,placeholder_image
367,KB-CORSAIR-K26,"Bàn phím cơ Corsair Mech-K26 Wireless RGB Hot-swap",keyboard,assets/images/products/placeholder-keyboard.svg,placeholder_image
368,KB-RAZER-K27,"Bàn phím cơ Razer Mech-K27 Wireless RGB Hot-swap",keyboard,assets/images/products/placeholder-keyboard.svg,placeholder_image
369,KB-LOGITECH-K28,"Bàn phím cơ Logitech Mech-K28 Wireless RGB Hot-swap",keyboard,assets/images/products/placeholder-keyboard.svg,placeholder_image
370,KB-MSI-K29,"Bàn phím cơ MSI Mech-K29 Wireless RGB Hot-swap",keyboard,assets/images/products/placeholder-keyboard.svg,placeholder_image
371,KB-ASUS-K30,"Bàn phím cơ ASUS Mech-K30 Wireless RGB Hot-swap",keyboard,assets/images/products/placeholder-keyboard.svg,placeholder_image
372,KB-CORSAIR-K31,"Bàn phím cơ Corsair Mech-K31 Wireless RGB Hot-swap",keyboard,assets/images/products/placeholder-keyboard.svg,placeholder_image
373,MS-RAZER-MS1,"Chuột Gaming Razer Speed-MS1 Wireless 26000DPI Superlight",mouse,assets/images/products/placeholder-mouse.svg,placeholder_image
374,MS-LOGITECH-MS2,"Chuột Gaming Logitech Speed-MS2 Wireless 26000DPI Superlight",mouse,assets/images/products/placeholder-mouse.svg,placeholder_image
375,MS-CORSAIR-MS3,"Chuột Gaming Corsair Speed-MS3 Wireless 26000DPI Superlight",mouse,assets/images/products/placeholder-mouse.svg,placeholder_image
376,MS-ASUS-MS4,"Chuột Gaming ASUS Speed-MS4 Wireless 26000DPI Superlight",mouse,assets/images/products/placeholder-mouse.svg,placeholder_image
377,MS-MSI-MS5,"Chuột Gaming MSI Speed-MS5 Wireless 26000DPI Superlight",mouse,assets/images/products/placeholder-mouse.svg,placeholder_image
378,MS-RAZER-MS6,"Chuột Gaming Razer Speed-MS6 Wireless 26000DPI Superlight",mouse,assets/images/products/placeholder-mouse.svg,placeholder_image
379,MS-LOGITECH-MS7,"Chuột Gaming Logitech Speed-MS7 Wireless 26000DPI Superlight",mouse,assets/images/products/placeholder-mouse.svg,placeholder_image
380,MS-CORSAIR-MS8,"Chuột Gaming Corsair Speed-MS8 Wireless 26000DPI Superlight",mouse,assets/images/products/placeholder-mouse.svg,placeholder_image
381,MS-ASUS-MS9,"Chuột Gaming ASUS Speed-MS9 Wireless 26000DPI Superlight",mouse,assets/images/products/placeholder-mouse.svg,placeholder_image
382,MS-MSI-MS10,"Chuột Gaming MSI Speed-MS10 Wireless 26000DPI Superlight",mouse,assets/images/products/placeholder-mouse.svg,placeholder_image
383,MS-RAZER-MS11,"Chuột Gaming Razer Speed-MS11 Wireless 26000DPI Superlight",mouse,assets/images/products/placeholder-mouse.svg,placeholder_image
384,MS-LOGITECH-MS12,"Chuột Gaming Logitech Speed-MS12 Wireless 26000DPI Superlight",mouse,assets/images/products/placeholder-mouse.svg,placeholder_image
385,MS-CORSAIR-MS13,"Chuột Gaming Corsair Speed-MS13 Wireless 26000DPI Superlight",mouse,assets/images/products/placeholder-mouse.svg,placeholder_image
386,MS-ASUS-MS14,"Chuột Gaming ASUS Speed-MS14 Wireless 26000DPI Superlight",mouse,assets/images/products/placeholder-mouse.svg,placeholder_image
387,MS-MSI-MS15,"Chuột Gaming MSI Speed-MS15 Wireless 26000DPI Superlight",mouse,assets/images/products/placeholder-mouse.svg,placeholder_image
388,MS-RAZER-MS16,"Chuột Gaming Razer Speed-MS16 Wireless 26000DPI Superlight",mouse,assets/images/products/placeholder-mouse.svg,placeholder_image
389,MS-LOGITECH-MS17,"Chuột Gaming Logitech Speed-MS17 Wireless 26000DPI Superlight",mouse,assets/images/products/placeholder-mouse.svg,placeholder_image
390,MS-CORSAIR-MS18,"Chuột Gaming Corsair Speed-MS18 Wireless 26000DPI Superlight",mouse,assets/images/products/placeholder-mouse.svg,placeholder_image
391,MS-ASUS-MS19,"Chuột Gaming ASUS Speed-MS19 Wireless 26000DPI Superlight",mouse,assets/images/products/placeholder-mouse.svg,placeholder_image
392,MS-MSI-MS20,"Chuột Gaming MSI Speed-MS20 Wireless 26000DPI Superlight",mouse,assets/images/products/placeholder-mouse.svg,placeholder_image
393,MS-RAZER-MS21,"Chuột Gaming Razer Speed-MS21 Wireless 26000DPI Superlight",mouse,assets/images/products/placeholder-mouse.svg,placeholder_image
394,MS-LOGITECH-MS22,"Chuột Gaming Logitech Speed-MS22 Wireless 26000DPI Superlight",mouse,assets/images/products/placeholder-mouse.svg,placeholder_image
395,MS-CORSAIR-MS23,"Chuột Gaming Corsair Speed-MS23 Wireless 26000DPI Superlight",mouse,assets/images/products/placeholder-mouse.svg,placeholder_image
396,MS-ASUS-MS24,"Chuột Gaming ASUS Speed-MS24 Wireless 26000DPI Superlight",mouse,assets/images/products/placeholder-mouse.svg,placeholder_image
397,MS-MSI-MS25,"Chuột Gaming MSI Speed-MS25 Wireless 26000DPI Superlight",mouse,assets/images/products/placeholder-mouse.svg,placeholder_image
398,MS-RAZER-MS26,"Chuột Gaming Razer Speed-MS26 Wireless 26000DPI Superlight",mouse,assets/images/products/placeholder-mouse.svg,placeholder_image
399,MS-LOGITECH-MS27,"Chuột Gaming Logitech Speed-MS27 Wireless 26000DPI Superlight",mouse,assets/images/products/placeholder-mouse.svg,placeholder_image
400,MS-CORSAIR-MS28,"Chuột Gaming Corsair Speed-MS28 Wireless 26000DPI Superlight",mouse,assets/images/products/placeholder-mouse.svg,placeholder_image
401,MS-ASUS-MS29,"Chuột Gaming ASUS Speed-MS29 Wireless 26000DPI Superlight",mouse,assets/images/products/placeholder-mouse.svg,placeholder_image
402,MS-MSI-MS30,"Chuột Gaming MSI Speed-MS30 Wireless 26000DPI Superlight",mouse,assets/images/products/placeholder-mouse.svg,placeholder_image
403,MS-RAZER-MS31,"Chuột Gaming Razer Speed-MS31 Wireless 26000DPI Superlight",mouse,assets/images/products/placeholder-mouse.svg,placeholder_image
404,CH-CORSAIR-CH1,"Ghế công thái học Corsair Ergo-CH1 Lưới thoáng khí 4D",chair,assets/images/products/placeholder-chair.svg,placeholder_image
405,CH-RAZER-CH2,"Ghế công thái học Razer Ergo-CH2 Lưới thoáng khí 4D",chair,assets/images/products/placeholder-chair.svg,placeholder_image
406,CH-ASUS-CH3,"Ghế công thái học ASUS Ergo-CH3 Lưới thoáng khí 4D",chair,assets/images/products/placeholder-chair.svg,placeholder_image
407,CH-MSI-CH4,"Ghế công thái học MSI Ergo-CH4 Lưới thoáng khí 4D",chair,assets/images/products/placeholder-chair.svg,placeholder_image
408,CH-CORSAIR-CH5,"Ghế công thái học Corsair Ergo-CH5 Lưới thoáng khí 4D",chair,assets/images/products/placeholder-chair.svg,placeholder_image
409,CH-RAZER-CH6,"Ghế công thái học Razer Ergo-CH6 Lưới thoáng khí 4D",chair,assets/images/products/placeholder-chair.svg,placeholder_image
410,CH-ASUS-CH7,"Ghế công thái học ASUS Ergo-CH7 Lưới thoáng khí 4D",chair,assets/images/products/placeholder-chair.svg,placeholder_image
411,CH-MSI-CH8,"Ghế công thái học MSI Ergo-CH8 Lưới thoáng khí 4D",chair,assets/images/products/placeholder-chair.svg,placeholder_image
412,CH-CORSAIR-CH9,"Ghế công thái học Corsair Ergo-CH9 Lưới thoáng khí 4D",chair,assets/images/products/placeholder-chair.svg,placeholder_image
413,CH-RAZER-CH10,"Ghế công thái học Razer Ergo-CH10 Lưới thoáng khí 4D",chair,assets/images/products/placeholder-chair.svg,placeholder_image
414,CH-ASUS-CH11,"Ghế công thái học ASUS Ergo-CH11 Lưới thoáng khí 4D",chair,assets/images/products/placeholder-chair.svg,placeholder_image
415,CH-MSI-CH12,"Ghế công thái học MSI Ergo-CH12 Lưới thoáng khí 4D",chair,assets/images/products/placeholder-chair.svg,placeholder_image
416,CH-CORSAIR-CH13,"Ghế công thái học Corsair Ergo-CH13 Lưới thoáng khí 4D",chair,assets/images/products/placeholder-chair.svg,placeholder_image
417,CH-RAZER-CH14,"Ghế công thái học Razer Ergo-CH14 Lưới thoáng khí 4D",chair,assets/images/products/placeholder-chair.svg,placeholder_image
418,CH-ASUS-CH15,"Ghế công thái học ASUS Ergo-CH15 Lưới thoáng khí 4D",chair,assets/images/products/placeholder-chair.svg,placeholder_image
419,CH-MSI-CH16,"Ghế công thái học MSI Ergo-CH16 Lưới thoáng khí 4D",chair,assets/images/products/placeholder-chair.svg,placeholder_image
420,CH-CORSAIR-CH17,"Ghế công thái học Corsair Ergo-CH17 Lưới thoáng khí 4D",chair,assets/images/products/placeholder-chair.svg,placeholder_image
421,CH-RAZER-CH18,"Ghế công thái học Razer Ergo-CH18 Lưới thoáng khí 4D",chair,assets/images/products/placeholder-chair.svg,placeholder_image
422,CH-ASUS-CH19,"Ghế công thái học ASUS Ergo-CH19 Lưới thoáng khí 4D",chair,assets/images/products/placeholder-chair.svg,placeholder_image
423,CH-MSI-CH20,"Ghế công thái học MSI Ergo-CH20 Lưới thoáng khí 4D",chair,assets/images/products/placeholder-chair.svg,placeholder_image
424,CH-CORSAIR-CH21,"Ghế công thái học Corsair Ergo-CH21 Lưới thoáng khí 4D",chair,assets/images/products/placeholder-chair.svg,placeholder_image
425,CH-RAZER-CH22,"Ghế công thái học Razer Ergo-CH22 Lưới thoáng khí 4D",chair,assets/images/products/placeholder-chair.svg,placeholder_image
426,CH-ASUS-CH23,"Ghế công thái học ASUS Ergo-CH23 Lưới thoáng khí 4D",chair,assets/images/products/placeholder-chair.svg,placeholder_image
427,CH-MSI-CH24,"Ghế công thái học MSI Ergo-CH24 Lưới thoáng khí 4D",chair,assets/images/products/placeholder-chair.svg,placeholder_image
428,CH-CORSAIR-CH25,"Ghế công thái học Corsair Ergo-CH25 Lưới thoáng khí 4D",chair,assets/images/products/placeholder-chair.svg,placeholder_image
429,CH-RAZER-CH26,"Ghế công thái học Razer Ergo-CH26 Lưới thoáng khí 4D",chair,assets/images/products/placeholder-chair.svg,placeholder_image
430,CH-ASUS-CH27,"Ghế công thái học ASUS Ergo-CH27 Lưới thoáng khí 4D",chair,assets/images/products/placeholder-chair.svg,placeholder_image
431,CH-MSI-CH28,"Ghế công thái học MSI Ergo-CH28 Lưới thoáng khí 4D",chair,assets/images/products/placeholder-chair.svg,placeholder_image
432,CH-CORSAIR-CH29,"Ghế công thái học Corsair Ergo-CH29 Lưới thoáng khí 4D",chair,assets/images/products/placeholder-chair.svg,placeholder_image
433,CH-RAZER-CH30,"Ghế công thái học Razer Ergo-CH30 Lưới thoáng khí 4D",chair,assets/images/products/placeholder-chair.svg,placeholder_image
434,CH-ASUS-CH31,"Ghế công thái học ASUS Ergo-CH31 Lưới thoáng khí 4D",chair,assets/images/products/placeholder-chair.svg,placeholder_image
435,HS-LOGITECH-HS1,"Tai nghe Gaming Logitech Sound-HS1 7.1 Virtual Wireless",headset,assets/images/products/placeholder-headset.svg,placeholder_image
436,HS-RAZER-HS2,"Tai nghe Gaming Razer Sound-HS2 7.1 Virtual Wireless",headset,assets/images/products/placeholder-headset.svg,placeholder_image
437,HS-CORSAIR-HS3,"Tai nghe Gaming Corsair Sound-HS3 7.1 Virtual Wireless",headset,assets/images/products/placeholder-headset.svg,placeholder_image
438,HS-MSI-HS4,"Tai nghe Gaming MSI Sound-HS4 7.1 Virtual Wireless",headset,assets/images/products/placeholder-headset.svg,placeholder_image
439,HS-ASUS-HS5,"Tai nghe Gaming ASUS Sound-HS5 7.1 Virtual Wireless",headset,assets/images/products/placeholder-headset.svg,placeholder_image
440,HS-LOGITECH-HS6,"Tai nghe Gaming Logitech Sound-HS6 7.1 Virtual Wireless",headset,assets/images/products/placeholder-headset.svg,placeholder_image
441,HS-RAZER-HS7,"Tai nghe Gaming Razer Sound-HS7 7.1 Virtual Wireless",headset,assets/images/products/placeholder-headset.svg,placeholder_image
442,HS-CORSAIR-HS8,"Tai nghe Gaming Corsair Sound-HS8 7.1 Virtual Wireless",headset,assets/images/products/placeholder-headset.svg,placeholder_image
443,HS-MSI-HS9,"Tai nghe Gaming MSI Sound-HS9 7.1 Virtual Wireless",headset,assets/images/products/placeholder-headset.svg,placeholder_image
444,HS-ASUS-HS10,"Tai nghe Gaming ASUS Sound-HS10 7.1 Virtual Wireless",headset,assets/images/products/placeholder-headset.svg,placeholder_image
445,HS-LOGITECH-HS11,"Tai nghe Gaming Logitech Sound-HS11 7.1 Virtual Wireless",headset,assets/images/products/placeholder-headset.svg,placeholder_image
446,HS-RAZER-HS12,"Tai nghe Gaming Razer Sound-HS12 7.1 Virtual Wireless",headset,assets/images/products/placeholder-headset.svg,placeholder_image
447,HS-CORSAIR-HS13,"Tai nghe Gaming Corsair Sound-HS13 7.1 Virtual Wireless",headset,assets/images/products/placeholder-headset.svg,placeholder_image
448,HS-MSI-HS14,"Tai nghe Gaming MSI Sound-HS14 7.1 Virtual Wireless",headset,assets/images/products/placeholder-headset.svg,placeholder_image
449,HS-ASUS-HS15,"Tai nghe Gaming ASUS Sound-HS15 7.1 Virtual Wireless",headset,assets/images/products/placeholder-headset.svg,placeholder_image
450,HS-LOGITECH-HS16,"Tai nghe Gaming Logitech Sound-HS16 7.1 Virtual Wireless",headset,assets/images/products/placeholder-headset.svg,placeholder_image
451,HS-RAZER-HS17,"Tai nghe Gaming Razer Sound-HS17 7.1 Virtual Wireless",headset,assets/images/products/placeholder-headset.svg,placeholder_image
452,HS-CORSAIR-HS18,"Tai nghe Gaming Corsair Sound-HS18 7.1 Virtual Wireless",headset,assets/images/products/placeholder-headset.svg,placeholder_image
453,HS-MSI-HS19,"Tai nghe Gaming MSI Sound-HS19 7.1 Virtual Wireless",headset,assets/images/products/placeholder-headset.svg,placeholder_image
454,HS-ASUS-HS20,"Tai nghe Gaming ASUS Sound-HS20 7.1 Virtual Wireless",headset,assets/images/products/placeholder-headset.svg,placeholder_image
455,HS-LOGITECH-HS21,"Tai nghe Gaming Logitech Sound-HS21 7.1 Virtual Wireless",headset,assets/images/products/placeholder-headset.svg,placeholder_image
456,HS-RAZER-HS22,"Tai nghe Gaming Razer Sound-HS22 7.1 Virtual Wireless",headset,assets/images/products/placeholder-headset.svg,placeholder_image
457,HS-CORSAIR-HS23,"Tai nghe Gaming Corsair Sound-HS23 7.1 Virtual Wireless",headset,assets/images/products/placeholder-headset.svg,placeholder_image
458,HS-MSI-HS24,"Tai nghe Gaming MSI Sound-HS24 7.1 Virtual Wireless",headset,assets/images/products/placeholder-headset.svg,placeholder_image
459,HS-ASUS-HS25,"Tai nghe Gaming ASUS Sound-HS25 7.1 Virtual Wireless",headset,assets/images/products/placeholder-headset.svg,placeholder_image
460,HS-LOGITECH-HS26,"Tai nghe Gaming Logitech Sound-HS26 7.1 Virtual Wireless",headset,assets/images/products/placeholder-headset.svg,placeholder_image
461,HS-RAZER-HS27,"Tai nghe Gaming Razer Sound-HS27 7.1 Virtual Wireless",headset,assets/images/products/placeholder-headset.svg,placeholder_image
462,HS-CORSAIR-HS28,"Tai nghe Gaming Corsair Sound-HS28 7.1 Virtual Wireless",headset,assets/images/products/placeholder-headset.svg,placeholder_image
463,HS-MSI-HS29,"Tai nghe Gaming MSI Sound-HS29 7.1 Virtual Wireless",headset,assets/images/products/placeholder-headset.svg,placeholder_image
464,HS-ASUS-HS30,"Tai nghe Gaming ASUS Sound-HS30 7.1 Virtual Wireless",headset,assets/images/products/placeholder-headset.svg,placeholder_image
465,HS-LOGITECH-HS31,"Tai nghe Gaming Logitech Sound-HS31 7.1 Virtual Wireless",headset,assets/images/products/placeholder-headset.svg,placeholder_image
466,SP-LOGITECH-SP1,"Loa vi tính Logitech Bass-SP1 2.1 Bluetooth 60W",speaker,assets/images/products/placeholder-speaker.svg,placeholder_image
467,SP-RAZER-SP2,"Loa vi tính Razer Bass-SP2 2.1 Bluetooth 60W",speaker,assets/images/products/placeholder-speaker.svg,placeholder_image
468,SP-LG-SP3,"Loa vi tính LG Bass-SP3 2.1 Bluetooth 60W",speaker,assets/images/products/placeholder-speaker.svg,placeholder_image
469,SP-SAMSUNG-SP4,"Loa vi tính Samsung Bass-SP4 2.1 Bluetooth 60W",speaker,assets/images/products/placeholder-speaker.svg,placeholder_image
470,SP-LOGITECH-SP5,"Loa vi tính Logitech Bass-SP5 2.1 Bluetooth 60W",speaker,assets/images/products/placeholder-speaker.svg,placeholder_image
471,SP-RAZER-SP6,"Loa vi tính Razer Bass-SP6 2.1 Bluetooth 60W",speaker,assets/images/products/placeholder-speaker.svg,placeholder_image
472,SP-LG-SP7,"Loa vi tính LG Bass-SP7 2.1 Bluetooth 60W",speaker,assets/images/products/placeholder-speaker.svg,placeholder_image
473,SP-SAMSUNG-SP8,"Loa vi tính Samsung Bass-SP8 2.1 Bluetooth 60W",speaker,assets/images/products/placeholder-speaker.svg,placeholder_image
474,SP-LOGITECH-SP9,"Loa vi tính Logitech Bass-SP9 2.1 Bluetooth 60W",speaker,assets/images/products/placeholder-speaker.svg,placeholder_image
475,SP-RAZER-SP10,"Loa vi tính Razer Bass-SP10 2.1 Bluetooth 60W",speaker,assets/images/products/placeholder-speaker.svg,placeholder_image
476,SP-LG-SP11,"Loa vi tính LG Bass-SP11 2.1 Bluetooth 60W",speaker,assets/images/products/placeholder-speaker.svg,placeholder_image
477,SP-SAMSUNG-SP12,"Loa vi tính Samsung Bass-SP12 2.1 Bluetooth 60W",speaker,assets/images/products/placeholder-speaker.svg,placeholder_image
478,SP-LOGITECH-SP13,"Loa vi tính Logitech Bass-SP13 2.1 Bluetooth 60W",speaker,assets/images/products/placeholder-speaker.svg,placeholder_image
479,SP-RAZER-SP14,"Loa vi tính Razer Bass-SP14 2.1 Bluetooth 60W",speaker,assets/images/products/placeholder-speaker.svg,placeholder_image
480,SP-LG-SP15,"Loa vi tính LG Bass-SP15 2.1 Bluetooth 60W",speaker,assets/images/products/placeholder-speaker.svg,placeholder_image
481,SP-SAMSUNG-SP16,"Loa vi tính Samsung Bass-SP16 2.1 Bluetooth 60W",speaker,assets/images/products/placeholder-speaker.svg,placeholder_image
482,SP-LOGITECH-SP17,"Loa vi tính Logitech Bass-SP17 2.1 Bluetooth 60W",speaker,assets/images/products/placeholder-speaker.svg,placeholder_image
483,SP-RAZER-SP18,"Loa vi tính Razer Bass-SP18 2.1 Bluetooth 60W",speaker,assets/images/products/placeholder-speaker.svg,placeholder_image
484,SP-LG-SP19,"Loa vi tính LG Bass-SP19 2.1 Bluetooth 60W",speaker,assets/images/products/placeholder-speaker.svg,placeholder_image
485,SP-SAMSUNG-SP20,"Loa vi tính Samsung Bass-SP20 2.1 Bluetooth 60W",speaker,assets/images/products/placeholder-speaker.svg,placeholder_image
486,SP-LOGITECH-SP21,"Loa vi tính Logitech Bass-SP21 2.1 Bluetooth 60W",speaker,assets/images/products/placeholder-speaker.svg,placeholder_image
487,SP-RAZER-SP22,"Loa vi tính Razer Bass-SP22 2.1 Bluetooth 60W",speaker,assets/images/products/placeholder-speaker.svg,placeholder_image
488,SP-LG-SP23,"Loa vi tính LG Bass-SP23 2.1 Bluetooth 60W",speaker,assets/images/products/placeholder-speaker.svg,placeholder_image
489,SP-SAMSUNG-SP24,"Loa vi tính Samsung Bass-SP24 2.1 Bluetooth 60W",speaker,assets/images/products/placeholder-speaker.svg,placeholder_image
490,SP-LOGITECH-SP25,"Loa vi tính Logitech Bass-SP25 2.1 Bluetooth 60W",speaker,assets/images/products/placeholder-speaker.svg,placeholder_image
491,SP-RAZER-SP26,"Loa vi tính Razer Bass-SP26 2.1 Bluetooth 60W",speaker,assets/images/products/placeholder-speaker.svg,placeholder_image
492,SP-LG-SP27,"Loa vi tính LG Bass-SP27 2.1 Bluetooth 60W",speaker,assets/images/products/placeholder-speaker.svg,placeholder_image
493,SP-SAMSUNG-SP28,"Loa vi tính Samsung Bass-SP28 2.1 Bluetooth 60W",speaker,assets/images/products/placeholder-speaker.svg,placeholder_image
494,SP-LOGITECH-SP29,"Loa vi tính Logitech Bass-SP29 2.1 Bluetooth 60W",speaker,assets/images/products/placeholder-speaker.svg,placeholder_image
495,SP-RAZER-SP30,"Loa vi tính Razer Bass-SP30 2.1 Bluetooth 60W",speaker,assets/images/products/placeholder-speaker.svg,placeholder_image
496,SP-LG-SP31,"Loa vi tính LG Bass-SP31 2.1 Bluetooth 60W",speaker,assets/images/products/placeholder-speaker.svg,placeholder_image
497,CN-ASUS-CN1,"Máy chơi game cầm tay ASUS Console-CN1 Ryzen Z1 Extreme 1TB",console,assets/images/products/placeholder-console.svg,placeholder_image
498,CN-MSI-CN2,"Máy chơi game cầm tay MSI Console-CN2 Ryzen Z1 Extreme 1TB",console,assets/images/products/placeholder-console.svg,placeholder_image
499,CN-LENOVO-CN3,"Máy chơi game cầm tay Lenovo Console-CN3 Ryzen Z1 Extreme 1TB",console,assets/images/products/placeholder-console.svg,placeholder_image
500,CN-RAZER-CN4,"Máy chơi game cầm tay Razer Console-CN4 Ryzen Z1 Extreme 1TB",console,assets/images/products/placeholder-console.svg,placeholder_image
501,CN-ASUS-CN5,"Máy chơi game cầm tay ASUS Console-CN5 Ryzen Z1 Extreme 1TB",console,assets/images/products/placeholder-console.svg,placeholder_image
502,CN-MSI-CN6,"Máy chơi game cầm tay MSI Console-CN6 Ryzen Z1 Extreme 1TB",console,assets/images/products/placeholder-console.svg,placeholder_image
503,CN-LENOVO-CN7,"Máy chơi game cầm tay Lenovo Console-CN7 Ryzen Z1 Extreme 1TB",console,assets/images/products/placeholder-console.svg,placeholder_image
504,CN-RAZER-CN8,"Máy chơi game cầm tay Razer Console-CN8 Ryzen Z1 Extreme 1TB",console,assets/images/products/placeholder-console.svg,placeholder_image
505,CN-ASUS-CN9,"Máy chơi game cầm tay ASUS Console-CN9 Ryzen Z1 Extreme 1TB",console,assets/images/products/placeholder-console.svg,placeholder_image
506,CN-MSI-CN10,"Máy chơi game cầm tay MSI Console-CN10 Ryzen Z1 Extreme 1TB",console,assets/images/products/placeholder-console.svg,placeholder_image
507,CN-LENOVO-CN11,"Máy chơi game cầm tay Lenovo Console-CN11 Ryzen Z1 Extreme 1TB",console,assets/images/products/placeholder-console.svg,placeholder_image
508,CN-RAZER-CN12,"Máy chơi game cầm tay Razer Console-CN12 Ryzen Z1 Extreme 1TB",console,assets/images/products/placeholder-console.svg,placeholder_image
509,CN-ASUS-CN13,"Máy chơi game cầm tay ASUS Console-CN13 Ryzen Z1 Extreme 1TB",console,assets/images/products/placeholder-console.svg,placeholder_image
510,CN-MSI-CN14,"Máy chơi game cầm tay MSI Console-CN14 Ryzen Z1 Extreme 1TB",console,assets/images/products/placeholder-console.svg,placeholder_image
511,CN-LENOVO-CN15,"Máy chơi game cầm tay Lenovo Console-CN15 Ryzen Z1 Extreme 1TB",console,assets/images/products/placeholder-console.svg,placeholder_image
512,CN-RAZER-CN16,"Máy chơi game cầm tay Razer Console-CN16 Ryzen Z1 Extreme 1TB",console,assets/images/products/placeholder-console.svg,placeholder_image
513,CN-ASUS-CN17,"Máy chơi game cầm tay ASUS Console-CN17 Ryzen Z1 Extreme 1TB",console,assets/images/products/placeholder-console.svg,placeholder_image
514,CN-MSI-CN18,"Máy chơi game cầm tay MSI Console-CN18 Ryzen Z1 Extreme 1TB",console,assets/images/products/placeholder-console.svg,placeholder_image
515,CN-LENOVO-CN19,"Máy chơi game cầm tay Lenovo Console-CN19 Ryzen Z1 Extreme 1TB",console,assets/images/products/placeholder-console.svg,placeholder_image
516,CN-RAZER-CN20,"Máy chơi game cầm tay Razer Console-CN20 Ryzen Z1 Extreme 1TB",console,assets/images/products/placeholder-console.svg,placeholder_image
517,CN-ASUS-CN21,"Máy chơi game cầm tay ASUS Console-CN21 Ryzen Z1 Extreme 1TB",console,assets/images/products/placeholder-console.svg,placeholder_image
518,CN-MSI-CN22,"Máy chơi game cầm tay MSI Console-CN22 Ryzen Z1 Extreme 1TB",console,assets/images/products/placeholder-console.svg,placeholder_image
519,CN-LENOVO-CN23,"Máy chơi game cầm tay Lenovo Console-CN23 Ryzen Z1 Extreme 1TB",console,assets/images/products/placeholder-console.svg,placeholder_image
520,CN-RAZER-CN24,"Máy chơi game cầm tay Razer Console-CN24 Ryzen Z1 Extreme 1TB",console,assets/images/products/placeholder-console.svg,placeholder_image
521,CN-ASUS-CN25,"Máy chơi game cầm tay ASUS Console-CN25 Ryzen Z1 Extreme 1TB",console,assets/images/products/placeholder-console.svg,placeholder_image
522,CN-MSI-CN26,"Máy chơi game cầm tay MSI Console-CN26 Ryzen Z1 Extreme 1TB",console,assets/images/products/placeholder-console.svg,placeholder_image
523,CN-LENOVO-CN27,"Máy chơi game cầm tay Lenovo Console-CN27 Ryzen Z1 Extreme 1TB",console,assets/images/products/placeholder-console.svg,placeholder_image
524,CN-RAZER-CN28,"Máy chơi game cầm tay Razer Console-CN28 Ryzen Z1 Extreme 1TB",console,assets/images/products/placeholder-console.svg,placeholder_image
525,CN-ASUS-CN29,"Máy chơi game cầm tay ASUS Console-CN29 Ryzen Z1 Extreme 1TB",console,assets/images/products/placeholder-console.svg,placeholder_image
526,CN-MSI-CN30,"Máy chơi game cầm tay MSI Console-CN30 Ryzen Z1 Extreme 1TB",console,assets/images/products/placeholder-console.svg,placeholder_image
527,CN-LENOVO-CN31,"Máy chơi game cầm tay Lenovo Console-CN31 Ryzen Z1 Extreme 1TB",console,assets/images/products/placeholder-console.svg,placeholder_image
528,AC-ANKER-AC1,"Bộ chuyển đổi USB Hub Anker Acc-AC1 8 trong 1 100W 4K",accessories,assets/images/products/placeholder-accessories.svg,placeholder_image
529,AC-BASEUS-AC2,"Bộ chuyển đổi USB Hub Baseus Acc-AC2 8 trong 1 100W 4K",accessories,assets/images/products/placeholder-accessories.svg,placeholder_image
530,AC-UGREEN-AC3,"Bộ chuyển đổi USB Hub UGreen Acc-AC3 8 trong 1 100W 4K",accessories,assets/images/products/placeholder-accessories.svg,placeholder_image
531,AC-CORSAIR-AC4,"Bộ chuyển đổi USB Hub Corsair Acc-AC4 8 trong 1 100W 4K",accessories,assets/images/products/placeholder-accessories.svg,placeholder_image
532,AC-RAZER-AC5,"Bộ chuyển đổi USB Hub Razer Acc-AC5 8 trong 1 100W 4K",accessories,assets/images/products/placeholder-accessories.svg,placeholder_image
533,AC-ANKER-AC6,"Bộ chuyển đổi USB Hub Anker Acc-AC6 8 trong 1 100W 4K",accessories,assets/images/products/placeholder-accessories.svg,placeholder_image
534,AC-BASEUS-AC7,"Bộ chuyển đổi USB Hub Baseus Acc-AC7 8 trong 1 100W 4K",accessories,assets/images/products/placeholder-accessories.svg,placeholder_image
535,AC-UGREEN-AC8,"Bộ chuyển đổi USB Hub UGreen Acc-AC8 8 trong 1 100W 4K",accessories,assets/images/products/placeholder-accessories.svg,placeholder_image
536,AC-CORSAIR-AC9,"Bộ chuyển đổi USB Hub Corsair Acc-AC9 8 trong 1 100W 4K",accessories,assets/images/products/placeholder-accessories.svg,placeholder_image
537,AC-RAZER-AC10,"Bộ chuyển đổi USB Hub Razer Acc-AC10 8 trong 1 100W 4K",accessories,assets/images/products/placeholder-accessories.svg,placeholder_image
538,AC-ANKER-AC11,"Bộ chuyển đổi USB Hub Anker Acc-AC11 8 trong 1 100W 4K",accessories,assets/images/products/placeholder-accessories.svg,placeholder_image
539,AC-BASEUS-AC12,"Bộ chuyển đổi USB Hub Baseus Acc-AC12 8 trong 1 100W 4K",accessories,assets/images/products/placeholder-accessories.svg,placeholder_image
540,AC-UGREEN-AC13,"Bộ chuyển đổi USB Hub UGreen Acc-AC13 8 trong 1 100W 4K",accessories,assets/images/products/placeholder-accessories.svg,placeholder_image
541,AC-CORSAIR-AC14,"Bộ chuyển đổi USB Hub Corsair Acc-AC14 8 trong 1 100W 4K",accessories,assets/images/products/placeholder-accessories.svg,placeholder_image
542,AC-RAZER-AC15,"Bộ chuyển đổi USB Hub Razer Acc-AC15 8 trong 1 100W 4K",accessories,assets/images/products/placeholder-accessories.svg,placeholder_image
543,AC-ANKER-AC16,"Bộ chuyển đổi USB Hub Anker Acc-AC16 8 trong 1 100W 4K",accessories,assets/images/products/placeholder-accessories.svg,placeholder_image
544,AC-BASEUS-AC17,"Bộ chuyển đổi USB Hub Baseus Acc-AC17 8 trong 1 100W 4K",accessories,assets/images/products/placeholder-accessories.svg,placeholder_image
545,AC-UGREEN-AC18,"Bộ chuyển đổi USB Hub UGreen Acc-AC18 8 trong 1 100W 4K",accessories,assets/images/products/placeholder-accessories.svg,placeholder_image
546,AC-CORSAIR-AC19,"Bộ chuyển đổi USB Hub Corsair Acc-AC19 8 trong 1 100W 4K",accessories,assets/images/products/placeholder-accessories.svg,placeholder_image
547,AC-RAZER-AC20,"Bộ chuyển đổi USB Hub Razer Acc-AC20 8 trong 1 100W 4K",accessories,assets/images/products/placeholder-accessories.svg,placeholder_image
548,AC-ANKER-AC21,"Bộ chuyển đổi USB Hub Anker Acc-AC21 8 trong 1 100W 4K",accessories,assets/images/products/placeholder-accessories.svg,placeholder_image
549,AC-BASEUS-AC22,"Bộ chuyển đổi USB Hub Baseus Acc-AC22 8 trong 1 100W 4K",accessories,assets/images/products/placeholder-accessories.svg,placeholder_image
550,AC-UGREEN-AC23,"Bộ chuyển đổi USB Hub UGreen Acc-AC23 8 trong 1 100W 4K",accessories,assets/images/products/placeholder-accessories.svg,placeholder_image
551,AC-CORSAIR-AC24,"Bộ chuyển đổi USB Hub Corsair Acc-AC24 8 trong 1 100W 4K",accessories,assets/images/products/placeholder-accessories.svg,placeholder_image
552,AC-RAZER-AC25,"Bộ chuyển đổi USB Hub Razer Acc-AC25 8 trong 1 100W 4K",accessories,assets/images/products/placeholder-accessories.svg,placeholder_image
553,AC-ANKER-AC26,"Bộ chuyển đổi USB Hub Anker Acc-AC26 8 trong 1 100W 4K",accessories,assets/images/products/placeholder-accessories.svg,placeholder_image
554,AC-BASEUS-AC27,"Bộ chuyển đổi USB Hub Baseus Acc-AC27 8 trong 1 100W 4K",accessories,assets/images/products/placeholder-accessories.svg,placeholder_image
555,AC-UGREEN-AC28,"Bộ chuyển đổi USB Hub UGreen Acc-AC28 8 trong 1 100W 4K",accessories,assets/images/products/placeholder-accessories.svg,placeholder_image
556,AC-CORSAIR-AC29,"Bộ chuyển đổi USB Hub Corsair Acc-AC29 8 trong 1 100W 4K",accessories,assets/images/products/placeholder-accessories.svg,placeholder_image
557,AC-RAZER-AC30,"Bộ chuyển đổi USB Hub Razer Acc-AC30 8 trong 1 100W 4K",accessories,assets/images/products/placeholder-accessories.svg,placeholder_image
558,AC-ANKER-AC31,"Bộ chuyển đổi USB Hub Anker Acc-AC31 8 trong 1 100W 4K",accessories,assets/images/products/placeholder-accessories.svg,placeholder_image
559,OF-HP-OF1,"Máy in Laser HP Office-OF1 Đơn năng wifi A4",office-equipment,assets/images/products/placeholder-office-equipment.svg,placeholder_image
560,OF-CANON-OF2,"Máy in Laser Canon Office-OF2 Đơn năng wifi A4",office-equipment,assets/images/products/placeholder-office-equipment.svg,placeholder_image
561,OF-EPSON-OF3,"Máy in Laser Epson Office-OF3 Đơn năng wifi A4",office-equipment,assets/images/products/placeholder-office-equipment.svg,placeholder_image
562,OF-DELL-OF4,"Máy in Laser Dell Office-OF4 Đơn năng wifi A4",office-equipment,assets/images/products/placeholder-office-equipment.svg,placeholder_image
563,OF-HP-OF5,"Máy in Laser HP Office-OF5 Đơn năng wifi A4",office-equipment,assets/images/products/placeholder-office-equipment.svg,placeholder_image
564,OF-CANON-OF6,"Máy in Laser Canon Office-OF6 Đơn năng wifi A4",office-equipment,assets/images/products/placeholder-office-equipment.svg,placeholder_image
565,OF-EPSON-OF7,"Máy in Laser Epson Office-OF7 Đơn năng wifi A4",office-equipment,assets/images/products/placeholder-office-equipment.svg,placeholder_image
566,OF-DELL-OF8,"Máy in Laser Dell Office-OF8 Đơn năng wifi A4",office-equipment,assets/images/products/placeholder-office-equipment.svg,placeholder_image
567,OF-HP-OF9,"Máy in Laser HP Office-OF9 Đơn năng wifi A4",office-equipment,assets/images/products/placeholder-office-equipment.svg,placeholder_image
568,OF-CANON-OF10,"Máy in Laser Canon Office-OF10 Đơn năng wifi A4",office-equipment,assets/images/products/placeholder-office-equipment.svg,placeholder_image
569,OF-EPSON-OF11,"Máy in Laser Epson Office-OF11 Đơn năng wifi A4",office-equipment,assets/images/products/placeholder-office-equipment.svg,placeholder_image
570,OF-DELL-OF12,"Máy in Laser Dell Office-OF12 Đơn năng wifi A4",office-equipment,assets/images/products/placeholder-office-equipment.svg,placeholder_image
571,OF-HP-OF13,"Máy in Laser HP Office-OF13 Đơn năng wifi A4",office-equipment,assets/images/products/placeholder-office-equipment.svg,placeholder_image
572,OF-CANON-OF14,"Máy in Laser Canon Office-OF14 Đơn năng wifi A4",office-equipment,assets/images/products/placeholder-office-equipment.svg,placeholder_image
573,OF-EPSON-OF15,"Máy in Laser Epson Office-OF15 Đơn năng wifi A4",office-equipment,assets/images/products/placeholder-office-equipment.svg,placeholder_image
574,OF-DELL-OF16,"Máy in Laser Dell Office-OF16 Đơn năng wifi A4",office-equipment,assets/images/products/placeholder-office-equipment.svg,placeholder_image
575,OF-HP-OF17,"Máy in Laser HP Office-OF17 Đơn năng wifi A4",office-equipment,assets/images/products/placeholder-office-equipment.svg,placeholder_image
576,OF-CANON-OF18,"Máy in Laser Canon Office-OF18 Đơn năng wifi A4",office-equipment,assets/images/products/placeholder-office-equipment.svg,placeholder_image
577,OF-EPSON-OF19,"Máy in Laser Epson Office-OF19 Đơn năng wifi A4",office-equipment,assets/images/products/placeholder-office-equipment.svg,placeholder_image
578,OF-DELL-OF20,"Máy in Laser Dell Office-OF20 Đơn năng wifi A4",office-equipment,assets/images/products/placeholder-office-equipment.svg,placeholder_image
579,OF-HP-OF21,"Máy in Laser HP Office-OF21 Đơn năng wifi A4",office-equipment,assets/images/products/placeholder-office-equipment.svg,placeholder_image
580,OF-CANON-OF22,"Máy in Laser Canon Office-OF22 Đơn năng wifi A4",office-equipment,assets/images/products/placeholder-office-equipment.svg,placeholder_image
581,OF-EPSON-OF23,"Máy in Laser Epson Office-OF23 Đơn năng wifi A4",office-equipment,assets/images/products/placeholder-office-equipment.svg,placeholder_image
582,OF-DELL-OF24,"Máy in Laser Dell Office-OF24 Đơn năng wifi A4",office-equipment,assets/images/products/placeholder-office-equipment.svg,placeholder_image
583,OF-HP-OF25,"Máy in Laser HP Office-OF25 Đơn năng wifi A4",office-equipment,assets/images/products/placeholder-office-equipment.svg,placeholder_image
584,OF-CANON-OF26,"Máy in Laser Canon Office-OF26 Đơn năng wifi A4",office-equipment,assets/images/products/placeholder-office-equipment.svg,placeholder_image
585,OF-EPSON-OF27,"Máy in Laser Epson Office-OF27 Đơn năng wifi A4",office-equipment,assets/images/products/placeholder-office-equipment.svg,placeholder_image
586,OF-DELL-OF28,"Máy in Laser Dell Office-OF28 Đơn năng wifi A4",office-equipment,assets/images/products/placeholder-office-equipment.svg,placeholder_image
587,OF-HP-OF29,"Máy in Laser HP Office-OF29 Đơn năng wifi A4",office-equipment,assets/images/products/placeholder-office-equipment.svg,placeholder_image
588,OF-CANON-OF30,"Máy in Laser Canon Office-OF30 Đơn năng wifi A4",office-equipment,assets/images/products/placeholder-office-equipment.svg,placeholder_image
589,OF-EPSON-OF31,"Máy in Laser Epson Office-OF31 Đơn năng wifi A4",office-equipment,assets/images/products/placeholder-office-equipment.svg,placeholder_image
590,PB-ANKER-PB1,"Pin sạc dự phòng Anker Power-PB1 10000mAh 65W Sạc nhanh Laptop",power-bank,assets/images/products/placeholder-power-bank.svg,placeholder_image
591,PB-BASEUS-PB2,"Pin sạc dự phòng Baseus Power-PB2 20000mAh 65W Sạc nhanh Laptop",power-bank,assets/images/products/placeholder-power-bank.svg,placeholder_image
592,PB-XIAOMI-PB3,"Pin sạc dự phòng Xiaomi Power-PB3 10000mAh 100W Sạc nhanh Laptop",power-bank,assets/images/products/placeholder-power-bank.svg,placeholder_image
593,PB-SAMSUNG-PB4,"Pin sạc dự phòng Samsung Power-PB4 20000mAh 65W Sạc nhanh Laptop",power-bank,assets/images/products/placeholder-power-bank.svg,placeholder_image
594,PB-ANKER-PB5,"Pin sạc dự phòng Anker Power-PB5 10000mAh 65W Sạc nhanh Laptop",power-bank,assets/images/products/placeholder-power-bank.svg,placeholder_image
595,PB-BASEUS-PB6,"Pin sạc dự phòng Baseus Power-PB6 20000mAh 100W Sạc nhanh Laptop",power-bank,assets/images/products/placeholder-power-bank.svg,placeholder_image
596,PB-XIAOMI-PB7,"Pin sạc dự phòng Xiaomi Power-PB7 10000mAh 65W Sạc nhanh Laptop",power-bank,assets/images/products/placeholder-power-bank.svg,placeholder_image
597,PB-SAMSUNG-PB8,"Pin sạc dự phòng Samsung Power-PB8 20000mAh 65W Sạc nhanh Laptop",power-bank,assets/images/products/placeholder-power-bank.svg,placeholder_image
598,PB-ANKER-PB9,"Pin sạc dự phòng Anker Power-PB9 10000mAh 100W Sạc nhanh Laptop",power-bank,assets/images/products/placeholder-power-bank.svg,placeholder_image
599,PB-BASEUS-PB10,"Pin sạc dự phòng Baseus Power-PB10 20000mAh 65W Sạc nhanh Laptop",power-bank,assets/images/products/placeholder-power-bank.svg,placeholder_image
600,PB-XIAOMI-PB11,"Pin sạc dự phòng Xiaomi Power-PB11 10000mAh 65W Sạc nhanh Laptop",power-bank,assets/images/products/placeholder-power-bank.svg,placeholder_image
601,PB-SAMSUNG-PB12,"Pin sạc dự phòng Samsung Power-PB12 20000mAh 100W Sạc nhanh Laptop",power-bank,assets/images/products/placeholder-power-bank.svg,placeholder_image
602,PB-ANKER-PB13,"Pin sạc dự phòng Anker Power-PB13 10000mAh 65W Sạc nhanh Laptop",power-bank,assets/images/products/placeholder-power-bank.svg,placeholder_image
603,PB-BASEUS-PB14,"Pin sạc dự phòng Baseus Power-PB14 20000mAh 65W Sạc nhanh Laptop",power-bank,assets/images/products/placeholder-power-bank.svg,placeholder_image
604,PB-XIAOMI-PB15,"Pin sạc dự phòng Xiaomi Power-PB15 10000mAh 100W Sạc nhanh Laptop",power-bank,assets/images/products/placeholder-power-bank.svg,placeholder_image
605,PB-SAMSUNG-PB16,"Pin sạc dự phòng Samsung Power-PB16 20000mAh 65W Sạc nhanh Laptop",power-bank,assets/images/products/placeholder-power-bank.svg,placeholder_image
606,PB-ANKER-PB17,"Pin sạc dự phòng Anker Power-PB17 10000mAh 65W Sạc nhanh Laptop",power-bank,assets/images/products/placeholder-power-bank.svg,placeholder_image
607,PB-BASEUS-PB18,"Pin sạc dự phòng Baseus Power-PB18 20000mAh 100W Sạc nhanh Laptop",power-bank,assets/images/products/placeholder-power-bank.svg,placeholder_image
608,PB-XIAOMI-PB19,"Pin sạc dự phòng Xiaomi Power-PB19 10000mAh 65W Sạc nhanh Laptop",power-bank,assets/images/products/placeholder-power-bank.svg,placeholder_image
609,PB-SAMSUNG-PB20,"Pin sạc dự phòng Samsung Power-PB20 20000mAh 65W Sạc nhanh Laptop",power-bank,assets/images/products/placeholder-power-bank.svg,placeholder_image
610,PB-ANKER-PB21,"Pin sạc dự phòng Anker Power-PB21 10000mAh 100W Sạc nhanh Laptop",power-bank,assets/images/products/placeholder-power-bank.svg,placeholder_image
611,PB-BASEUS-PB22,"Pin sạc dự phòng Baseus Power-PB22 20000mAh 65W Sạc nhanh Laptop",power-bank,assets/images/products/placeholder-power-bank.svg,placeholder_image
612,PB-XIAOMI-PB23,"Pin sạc dự phòng Xiaomi Power-PB23 10000mAh 65W Sạc nhanh Laptop",power-bank,assets/images/products/placeholder-power-bank.svg,placeholder_image
613,PB-SAMSUNG-PB24,"Pin sạc dự phòng Samsung Power-PB24 20000mAh 100W Sạc nhanh Laptop",power-bank,assets/images/products/placeholder-power-bank.svg,placeholder_image
614,PB-ANKER-PB25,"Pin sạc dự phòng Anker Power-PB25 10000mAh 65W Sạc nhanh Laptop",power-bank,assets/images/products/placeholder-power-bank.svg,placeholder_image
615,PB-BASEUS-PB26,"Pin sạc dự phòng Baseus Power-PB26 20000mAh 65W Sạc nhanh Laptop",power-bank,assets/images/products/placeholder-power-bank.svg,placeholder_image
616,PB-XIAOMI-PB27,"Pin sạc dự phòng Xiaomi Power-PB27 10000mAh 100W Sạc nhanh Laptop",power-bank,assets/images/products/placeholder-power-bank.svg,placeholder_image
617,PB-SAMSUNG-PB28,"Pin sạc dự phòng Samsung Power-PB28 20000mAh 65W Sạc nhanh Laptop",power-bank,assets/images/products/placeholder-power-bank.svg,placeholder_image
618,PB-ANKER-PB29,"Pin sạc dự phòng Anker Power-PB29 10000mAh 65W Sạc nhanh Laptop",power-bank,assets/images/products/placeholder-power-bank.svg,placeholder_image
619,PB-BASEUS-PB30,"Pin sạc dự phòng Baseus Power-PB30 20000mAh 100W Sạc nhanh Laptop",power-bank,assets/images/products/placeholder-power-bank.svg,placeholder_image
620,PB-XIAOMI-PB31,"Pin sạc dự phòng Xiaomi Power-PB31 10000mAh 65W Sạc nhanh Laptop",power-bank,assets/images/products/placeholder-power-bank.svg,placeholder_image
633,LAP-ASUS-GU605MI-QR116W,"Laptop Gaming ASUS ROG Zephyrus G16 GU605MI-QR116W",laptop,assets/images/products/placeholder-laptop.svg,placeholder_image
634,LAP-LENOVO-LEGION-16IRX9-83DF0043VN,"Laptop Gaming Lenovo Legion Pro 5 16IRX9 83DF0043VN",laptop,assets/images/products/placeholder-laptop.svg,placeholder_image
635,LAP-ACER-PHN16-72-79BN,"Laptop Gaming Acer Predator Helios Neo 16 PHN16-72-79BN",laptop,assets/images/products/placeholder-laptop.svg,placeholder_image
636,LAP-MSI-KATANA-15-B13VGK-1211VN,"Laptop Gaming MSI Katana 15 B13VGK-1211VN",laptop,assets/images/products/placeholder-laptop.svg,placeholder_image
637,LAP-DELL-XPS-15-9530-I7,"Laptop Dell XPS 15 9530 i7-13700H 16GB SSD 512GB RTX 4050",laptop,assets/images/products/placeholder-laptop.svg,placeholder_image
638,LAP-HP-OMEN-16-wf0097TX,"Laptop Gaming HP Omen 16 wf0097TX (8EC87PA)",laptop,assets/images/products/placeholder-laptop.svg,placeholder_image
639,LAP-ASUS-FA507UV-LP090W,"Laptop Gaming ASUS TUF Gaming A15 FA507UV-LP090W",laptop,assets/images/products/placeholder-laptop.svg,placeholder_image
640,LAP-GIGABYTE-AORUS-16X-AKG-53VN544SH,"Laptop Gaming Gigabyte AORUS 16X AKG-53VN544SH",laptop,assets/images/products/placeholder-laptop.svg,placeholder_image
641,LAP-ASUS-UX3405MA-PP588W,"Laptop ASUS Zenbook 14 OLED UX3405MA-PP588W",laptop,assets/images/products/placeholder-laptop.svg,placeholder_image
642,LAP-LENOVO-THINKPAD-X1-CARBON-G12,"Laptop Lenovo ThinkPad X1 Carbon Gen 12 21KC0065VN",laptop,assets/images/products/placeholder-laptop.svg,placeholder_image
643,LAP-HP-PAVILION-PLUS-14-ey0037AU,"Laptop HP Pavilion Plus 14-ey0037AU (9E3A3PA)",laptop,assets/images/products/placeholder-laptop.svg,placeholder_image
644,LAP-DELL-INSPIRON-5430-71015633,"Laptop Dell Inspiron 14 5430 (71015633)",laptop,assets/images/products/placeholder-laptop.svg,placeholder_image
645,LAP-ACER-SWIFT-GO-14-SFG14-72-55BV,"Laptop Acer Swift Go 14 SFG14-72-55BV",laptop,assets/images/products/placeholder-laptop.svg,placeholder_image
646,LAP-MSI-MODERN-14-C13M-608VN,"Laptop MSI Modern 14 C13M-608VN",laptop,assets/images/products/placeholder-laptop.svg,placeholder_image
647,LAP-HP-PROBOOK-450-G10-8A771PA,"Laptop HP ProBook 450 G10 (8A771PA)",laptop,assets/images/products/placeholder-laptop.svg,placeholder_image
648,LAP-ASUS-X1504ZA-NJ517W,"Laptop ASUS Vivobook 15 X1504ZA-NJ517W",laptop,assets/images/products/placeholder-laptop.svg,placeholder_image
649,LAP-LENOVO-IDEAPAD-SLIM5-83BF002BVN,"Laptop Lenovo IdeaPad Slim 5 14IRH8 83BF002BVN",laptop,assets/images/products/placeholder-laptop.svg,placeholder_image
650,LAP-DELL-VOSTRO-3520-V53520,"Laptop Dell Vostro 3520 (V53520-i5-8G512)",laptop,assets/images/products/placeholder-laptop.svg,placeholder_image
651,LAP-ACER-ASPIRE-5-A515-58P-56EB,"Laptop Acer Aspire 5 A515-58P-56EB",laptop,assets/images/products/placeholder-laptop.svg,placeholder_image
652,LAP-HP-15-FD0081TU-8D737PA,"Laptop HP 15-fd0081TU (8D737PA)",laptop,assets/images/products/placeholder-laptop.svg,placeholder_image
653,LAP-ASUS-G614JVR-N4003W,"Laptop Gaming ASUS ROG Strix G16 G614JVR-N4003W",laptop,assets/images/products/placeholder-laptop.svg,placeholder_image
654,LAP-LENOVO-LOQ-15IRX9-83DV00ERVN,"Laptop Gaming Lenovo LOQ 15IRX9 83DV00ERVN",laptop,assets/images/products/placeholder-laptop.svg,placeholder_image
655,LAP-MSI-CYBORG-15-A12VF-462VN,"Laptop Gaming MSI Cyborg 15 A12VF-462VN",laptop,assets/images/products/placeholder-laptop.svg,placeholder_image
656,LAP-ACER-NITRO-V15-ANV15-51-55CA,"Laptop Gaming Acer Nitro V 15 ANV15-51-55CA",laptop,assets/images/products/placeholder-laptop.svg,placeholder_image
657,LAP-GIGABYTE-G5-KF5-53VN353SH,"Laptop Gaming Gigabyte G5 KF5-53VN353SH",laptop,assets/images/products/placeholder-laptop.svg,placeholder_image
658,LAP-DELL-G15-5530-I7-4050,"Laptop Gaming Dell G15 5530 i7-13650HX 16GB SSD 512GB RTX 4050",laptop,assets/images/products/placeholder-laptop.svg,placeholder_image
659,LAP-HP-VICTUS-16-r0011TX-7D5R2PA,"Laptop Gaming HP Victus 16-r0011TX (7D5R2PA)",laptop,assets/images/products/placeholder-laptop.svg,placeholder_image
660,LAP-ASUS-S5606MA-MX051W,"Laptop ASUS Vivobook S 16 OLED S5606MA-MX051W",laptop,assets/images/products/placeholder-laptop.svg,placeholder_image
661,LAP-LENOVO-YOGA-SLIM7-83CV001VVN,"Laptop Lenovo Yoga Slim 7 14IMH9 83CV001VVN",laptop,assets/images/products/placeholder-laptop.svg,placeholder_image
662,LAP-DELL-LATITUDE-3540-L3540-I5,"Laptop Dell Latitude 3540 (L3540-i5-1335U)",laptop,assets/images/products/placeholder-laptop.svg,placeholder_image
663,LAP-MSI-CREATOR-Z16-HX-B13VFTO-211VN,"Laptop MSI Creator Z16 HX Studio B13VFTO-211VN",laptop,assets/images/products/placeholder-laptop.svg,placeholder_image
