id,sku,name,category_slug,brand,reasons
1,LAP-ASUS-L1,"Laptop ASUS Model-L1 Intel Core i5-13420H 16GB SSD 1TB",laptop,ASUS,"Synthetic auto-generated model name"
2,LAP-MSI-L2,"Laptop MSI Model-L2 Intel Core i7-14650HX 16GB SSD 1TB",laptop,MSI,"Synthetic auto-generated model name"
3,LAP-ACER-L3,"Laptop Acer Model-L3 AMD Ryzen 7 8845HS 32GB SSD 1TB",laptop,Acer,"Synthetic auto-generated model name"
4,LAP-LENOVO-L4,"Laptop Lenovo Model-L4 Apple M3 Pro 16GB SSD 1TB",laptop,Lenovo,"Apple/Mac product out of scope (TechPilot sells Windows/PC only) | Synthetic auto-generated model name"
5,LAP-HP-L5,"Laptop HP Model-L5 Intel Core Ultra 7 155H 16GB SSD 1TB",laptop,HP,"Synthetic auto-generated model name"
6,LAP-DELL-L6,"Laptop Dell Model-L6 Intel Core i5-13420H 32GB SSD 1TB",laptop,DELL,"Synthetic auto-generated model name"
7,LAP-APPLE-L7,"Laptop Apple Model-L7 Intel Core i7-14650HX 16GB SSD 1TB",laptop,ASUS,"Apple/Mac product out of scope (TechPilot sells Windows/PC only) | Synthetic auto-generated model name | ASUS brand paired with Apple CPU"
8,LAP-LG-L8,"Laptop LG Model-L8 AMD Ryzen 7 8845HS 16GB SSD 1TB",laptop,LG,"Synthetic auto-generated model name"
9,LAP-ASUS-L9,"Laptop ASUS Model-L9 Apple M3 Pro 32GB SSD 1TB",laptop,ASUS,"Apple/Mac product out of scope (TechPilot sells Windows/PC only) | Synthetic auto-generated model name | ASUS brand paired with Apple CPU"
10,LAP-MSI-L10,"Laptop MSI Model-L10 Intel Core Ultra 7 155H 16GB SSD 1TB",laptop,MSI,"Synthetic auto-generated model name"
11,LAP-ACER-L11,"Laptop Acer Model-L11 Intel Core i5-13420H 16GB SSD 1TB",laptop,Acer,"Synthetic auto-generated model name"
12,LAP-LENOVO-L12,"Laptop Lenovo Model-L12 Intel Core i7-14650HX 32GB SSD 1TB",laptop,Lenovo,"Synthetic auto-generated model name"
13,LAP-HP-L13,"Laptop HP Model-L13 AMD Ryzen 7 8845HS 16GB SSD 1TB",laptop,HP,"Synthetic auto-generated model name"
14,LAP-DELL-L14,"Laptop Dell Model-L14 Apple M3 Pro 16GB SSD 1TB",laptop,DELL,"Apple/Mac product out of scope (TechPilot sells Windows/PC only) | Synthetic auto-generated model name | DELL brand paired with Apple CPU"
15,LAP-APPLE-L15,"Laptop Apple Model-L15 Intel Core Ultra 7 155H 32GB SSD 1TB",laptop,ASUS,"Apple/Mac product out of scope (TechPilot sells Windows/PC only) | Synthetic auto-generated model name | ASUS brand paired with Apple CPU"
16,LAP-LG-L16,"Laptop LG Model-L16 Intel Core i5-13420H 16GB SSD 1TB",laptop,LG,"Synthetic auto-generated model name"
17,LAP-ASUS-L17,"Laptop ASUS Model-L17 Intel Core i7-14650HX 16GB SSD 1TB",laptop,ASUS,"Synthetic auto-generated model name"
18,LAP-MSI-L18,"Laptop MSI Model-L18 AMD Ryzen 7 8845HS 32GB SSD 1TB",laptop,MSI,"Synthetic auto-generated model name"
19,LAP-ACER-L19,"Laptop Acer Model-L19 Apple M3 Pro 16GB SSD 1TB",laptop,Acer,"Apple/Mac product out of scope (TechPilot sells Windows/PC only) | Synthetic auto-generated model name"
20,LAP-LENOVO-L20,"Laptop Lenovo Model-L20 Intel Core Ultra 7 155H 16GB SSD 1TB",laptop,Lenovo,"Synthetic auto-generated model name"
21,LAP-HP-L21,"Laptop HP Model-L21 Intel Core i5-13420H 32GB SSD 1TB",laptop,HP,"Synthetic auto-generated model name"
22,LAP-DELL-L22,"Laptop Dell Model-L22 Intel Core i7-14650HX 16GB SSD 1TB",laptop,DELL,"Synthetic auto-generated model name"
23,LAP-APPLE-L23,"Laptop Apple Model-L23 AMD Ryzen 7 8845HS 16GB SSD 1TB",laptop,ASUS,"Apple/Mac product out of scope (TechPilot sells Windows/PC only) | Synthetic auto-generated model name | ASUS brand paired with Apple CPU"
24,LAP-LG-L24,"Laptop LG Model-L24 Apple M3 Pro 32GB SSD 1TB",laptop,LG,"Apple/Mac product out of scope (TechPilot sells Windows/PC only) | Synthetic auto-generated model name"
25,LAP-ASUS-L25,"Laptop ASUS Model-L25 Intel Core Ultra 7 155H 16GB SSD 1TB",laptop,ASUS,"Synthetic auto-generated model name"
26,LAP-MSI-L26,"Laptop MSI Model-L26 Intel Core i5-13420H 16GB SSD 1TB",laptop,MSI,"Synthetic auto-generated model name"
27,LAP-ACER-L27,"Laptop Acer Model-L27 Intel Core i7-14650HX 32GB SSD 1TB",laptop,Acer,"Synthetic auto-generated model name"
28,LAP-LENOVO-L28,"Laptop Lenovo Model-L28 AMD Ryzen 7 8845HS 16GB SSD 1TB",laptop,Lenovo,"Synthetic auto-generated model name"
29,LAP-HP-L29,"Laptop HP Model-L29 Apple M3 Pro 16GB SSD 1TB",laptop,HP,"Apple/Mac product out of scope (TechPilot sells Windows/PC only) | Synthetic auto-generated model name | HP brand paired with Apple CPU"
30,LAP-DELL-L30,"Laptop Dell Model-L30 Intel Core Ultra 7 155H 32GB SSD 1TB",laptop,DELL,"Synthetic auto-generated model name"
31,LAP-APPLE-L31,"Laptop Apple Model-L31 Intel Core i5-13420H 16GB SSD 1TB",laptop,ASUS,"Apple/Mac product out of scope (TechPilot sells Windows/PC only) | Synthetic auto-generated model name | ASUS brand paired with Apple CPU"
311,PSU-CORSAIR-PS1,"Nguồn PSU Corsair Power-PS1 650W 80 Plus Gold",psu,Corsair,"Synthetic auto-generated model name"
312,PSU-MSI-PS2,"Nguồn PSU MSI Power-PS2 750W 80 Plus Gold",psu,MSI,"Synthetic auto-generated model name"
313,PSU-DEEPCOOL-PS3,"Nguồn PSU DeepCool Power-PS3 850W 80 Plus Gold",psu,DeepCool,"Synthetic auto-generated model name"
314,PSU-GIGABYTE-PS4,"Nguồn PSU Gigabyte Power-PS4 950W 80 Plus Gold",psu,GIGABYTE,"Synthetic auto-generated model name"
315,"PSU-COOLER MASTER-PS5","Nguồn PSU Cooler Master Power-PS5 550W 80 Plus Gold",psu,"Cooler Master","Synthetic auto-generated model name"
316,PSU-CORSAIR-PS6,"Nguồn PSU Corsair Power-PS6 650W 80 Plus Gold",psu,Corsair,"Synthetic auto-generated model name"
317,PSU-MSI-PS7,"Nguồn PSU MSI Power-PS7 750W 80 Plus Gold",psu,MSI,"Synthetic auto-generated model name"
318,PSU-DEEPCOOL-PS8,"Nguồn PSU DeepCool Power-PS8 850W 80 Plus Gold",psu,DeepCool,"Synthetic auto-generated model name"
319,PSU-GIGABYTE-PS9,"Nguồn PSU Gigabyte Power-PS9 950W 80 Plus Gold",psu,GIGABYTE,"Synthetic auto-generated model name"
320,"PSU-COOLER MASTER-PS10","Nguồn PSU Cooler Master Power-PS10 550W 80 Plus Gold",psu,"Cooler Master","Synthetic auto-generated model name"
321,PSU-CORSAIR-PS11,"Nguồn PSU Corsair Power-PS11 650W 80 Plus Gold",psu,Corsair,"Synthetic auto-generated model name"
322,PSU-MSI-PS12,"Nguồn PSU MSI Power-PS12 750W 80 Plus Gold",psu,MSI,"Synthetic auto-generated model name"
323,PSU-DEEPCOOL-PS13,"Nguồn PSU DeepCool Power-PS13 850W 80 Plus Gold",psu,DeepCool,"Synthetic auto-generated model name"
324,PSU-GIGABYTE-PS14,"Nguồn PSU Gigabyte Power-PS14 950W 80 Plus Gold",psu,GIGABYTE,"Synthetic auto-generated model name"
325,"PSU-COOLER MASTER-PS15","Nguồn PSU Cooler Master Power-PS15 550W 80 Plus Gold",psu,"Cooler Master","Synthetic auto-generated model name"
326,PSU-CORSAIR-PS16,"Nguồn PSU Corsair Power-PS16 650W 80 Plus Gold",psu,Corsair,"Synthetic auto-generated model name"
327,PSU-MSI-PS17,"Nguồn PSU MSI Power-PS17 750W 80 Plus Gold",psu,MSI,"Synthetic auto-generated model name"
328,PSU-DEEPCOOL-PS18,"Nguồn PSU DeepCool Power-PS18 850W 80 Plus Gold",psu,DeepCool,"Synthetic auto-generated model name"
329,PSU-GIGABYTE-PS19,"Nguồn PSU Gigabyte Power-PS19 950W 80 Plus Gold",psu,GIGABYTE,"Synthetic auto-generated model name"
330,"PSU-COOLER MASTER-PS20","Nguồn PSU Cooler Master Power-PS20 550W 80 Plus Gold",psu,"Cooler Master","Synthetic auto-generated model name"
331,PSU-CORSAIR-PS21,"Nguồn PSU Corsair Power-PS21 650W 80 Plus Gold",psu,Corsair,"Synthetic auto-generated model name"
332,PSU-MSI-PS22,"Nguồn PSU MSI Power-PS22 750W 80 Plus Gold",psu,MSI,"Synthetic auto-generated model name"
333,PSU-DEEPCOOL-PS23,"Nguồn PSU DeepCool Power-PS23 850W 80 Plus Gold",psu,DeepCool,"Synthetic auto-generated model name"
334,PSU-GIGABYTE-PS24,"Nguồn PSU Gigabyte Power-PS24 950W 80 Plus Gold",psu,GIGABYTE,"Synthetic auto-generated model name"
335,"PSU-COOLER MASTER-PS25","Nguồn PSU Cooler Master Power-PS25 550W 80 Plus Gold",psu,"Cooler Master","Synthetic auto-generated model name"
336,PSU-CORSAIR-PS26,"Nguồn PSU Corsair Power-PS26 650W 80 Plus Gold",psu,Corsair,"Synthetic auto-generated model name"
337,PSU-MSI-PS27,"Nguồn PSU MSI Power-PS27 750W 80 Plus Gold",psu,MSI,"Synthetic auto-generated model name"
338,PSU-DEEPCOOL-PS28,"Nguồn PSU DeepCool Power-PS28 850W 80 Plus Gold",psu,DeepCool,"Synthetic auto-generated model name"
339,PSU-GIGABYTE-PS29,"Nguồn PSU Gigabyte Power-PS29 950W 80 Plus Gold",psu,GIGABYTE,"Synthetic auto-generated model name"
340,"PSU-COOLER MASTER-PS30","Nguồn PSU Cooler Master Power-PS30 550W 80 Plus Gold",psu,"Cooler Master","Synthetic auto-generated model name"
341,PSU-CORSAIR-PS31,"Nguồn PSU Corsair Power-PS31 650W 80 Plus Gold",psu,Corsair,"Synthetic auto-generated model name"
